user,hub_score,authority_score,centrality_score
MatteoSeghezzi,0.00943,0.00068,0.21743
ClaudioRoasio,0.00002,0.00006,0.00081
agiliberti51,0.00802,0.00114,0.19108
olindodenapoli,0.0131,0.00325,0.30106
AndreaRomano9,0.00797,0.03506,0.18773
Annaaloi7,0.00191,0.00009,0.04632
mao_balza,0.00359,0.00009,0.08646
Donatello19,0.01599,0.001,0.36751
PaolaDeMasi5,0,0.00009,0.00163
GiusiPlebot,0.00048,0.00002,0.08338
paolopizzi6,0.01044,0.00006,0.23986
angelerrimo,0.02346,0.01033,0.53879
Geillis68,0.00094,0.00021,0.02417
Verorikke,0.00517,0.00139,0.11877
GiovannaBerluti,0.00709,0.00061,0.16422
tobiazevi,0.00656,0.00674,0.1519
dall1612,0.00205,0.00045,0.04997
gio1893,0.0049,0.00031,0.11268
Biagio960,0.00081,0.0084,0.01875
lauparducci,0.00321,0.00003,0.07369
AntFuniciello,0.00607,0.01,0.14015
Tenhund,0.00086,0.00013,0.02035
venerandomonell,0.00478,0.00396,0.11047
GianMarinelli86,0.00326,0.00087,0.08335
nino_bonaiuto,0.0006,0.00044,0.01635
Massimo9456,0.01155,0.00139,0.26655
Monteverde_g,0.0011,0.00003,0.02581
ELodolini,0.00328,0.00505,0.07979
Toni978374641,0.00552,0.00278,0.13055
i519csdipalermo,0.00276,0.00016,0.06421
ricettedifulvio,0.00962,0.00016,0.2212
01e3feec74fe4e6,0.00316,0.0007,0.07389
codeghino10,0.00404,0.00026,0.09491
alexandermarchi,0.0032,0.00014,0.0845
Mariangelissim1,0.00271,0.00021,0.0625
AveBicci,0.01391,0.0004,0.31951
Alchex89,0.00012,0.00002,0.00346
RubinipPaolo,0.00302,0.00009,0.07
pd_noi,0.00923,0.00047,0.2135
PD_Veneto,0.00508,0.00259,0.11724
valeonetti,0.0082,0.00002,0.18878
filippinipaolo1,0.00259,0.0009,0.06157
ergio78,0.00271,0.00036,0.06275
maumartina,0.00653,0.03403,0.15067
ragazziitalia,0.00392,0.00443,0.09063
martinorosario2,0.02374,0.00297,0.54516
TempiReali,0.01561,0.00352,0.35964
RobertoGrassi,0.00423,0.00031,0.09934
Paolo44716751,0.00515,0.00008,0.11925
renovo2004,0.00206,0.00007,0.04828
ottovanz,0.0006,0.00022,0.01398
stellamizar,0.00112,0.00019,0.02681
MagdaCulotta,0.01659,0.00646,0.41188
igolmar,0.00149,0.00276,0.03439
Giuly_s84,0.00237,0.00151,0.0553
simonaercolani,0.01244,0.0096,0.28566
miticofabio98,0.0179,0.00135,0.41272
tritono0,0.00202,0.00187,0.04816
xmaux,0.00165,0.00029,0.03809
Barracciu,0.0075,0.01131,0.17572
Icios007,0.0005,0.00062,0.01177
enrsama,0.00392,0.00071,0.09053
miononnoin,0.00188,0.00012,0.04496
BaioFederico,0.01293,0.00088,0.29741
EMallus,0.00879,0.00001,0.20188
Simona85319863,0,0,0.0075
sabrinavarroni,0.00079,0.00015,0.01939
DelsantoRaf,0.01274,0.00196,0.29239
MarziaBuonaroti,0.00343,0.00007,0.07911
SilviaFregolent,0.00316,0.00882,0.07349
autodafeio,0.00497,0.00062,0.11471
tomtweet3,0.00453,0.00174,0.10412
tryggiu,0.01078,0.00092,0.25116
Milano_Popolare,0.01483,0.00169,0.34468
dentistalegnano,0.00085,0.00016,0.02131
ElisabScalambra,0.01155,0.00903,0.28321
Paogiu,0.00776,0.00214,0.18591
gps72,0.01197,0.00089,0.27484
egidio_gialdini,0.0006,0.00017,0.03317
patriziaprestip,0.01697,0.01417,0.39015
burattino14,0.00469,0.0024,0.10786
SalvTomaselli,0.00832,0.00454,0.19121
ckyenge,0.01239,0.03917,0.28441
Nicolet67982301,0.00207,0.00015,0.05067
NicGiulia,0.00258,0.00036,0.06009
siperilsud1,0.02446,0.00233,0.56711
TronconiMassimo,0.00777,0.00046,0.17982
Sfurmy,0.01157,0.00152,0.27061
AndreaLaudadio,0.01764,0.03968,0.40529
FrancoPaqua,0.00462,0.00089,0.10777
tal_Marco,0.00456,0.00176,0.11056
OhCumi,0.00088,0.00009,0.02064
luciafangi,0.00109,0.00006,0.02821
ManuRontini,0.00644,0.00326,0.14863
renzi_news,0.00143,0.00064,0.03431
NicholasDeidda,0.00063,0.00008,0.01448
casa1404,0.00061,0.00004,0.01442
ObamoliniB,0.00072,0.00006,0.01685
stefanomagnone,0.00387,0.00073,0.09064
laura_coccia,0.00657,0.00883,0.15534
VirginiAsleep,0.00137,0.00001,0.03236
silviaantonel15,0.00437,0.00035,0.10345
FrancescalGin,0.00835,0.00121,0.19996
stefipar,0.0083,0.00314,0.19124
procapio,0.00204,0.00069,0.05058
maurosquorte,0.00362,0.00012,0.08668
luca___romeo,0.00764,0.00166,0.17773
ombradellanotte,0.00791,0.00105,0.18269
GiovaniSIcambia,0.00107,0.00147,0.02718
MinnettiMassimo,0.01374,0.00202,0.31725
Daniscandella,0.01162,0.00174,0.26687
LiaLisi2,0.0073,0.00077,0.17123
elisabettarizz,0.00082,0.00014,0.01996
EnricaFantinell,0.00379,0.00428,0.10243
fabriziomossino,0.00776,0.00121,0.17994
BaraccoPb,0.00022,0.00006,0.00994
ApplausoRosalba,0.00095,0.00072,0.02667
rossimone77,0.00111,0.0004,0.02581
ItaliaStartUp_,0.00074,0.00277,0.0171
cherubriella,0.00137,0.00058,0.03219
TazioMa,0.00213,0.00015,0.04989
FraMirabelli,0.00738,0.00777,0.17111
SpaceCowboy21,0.00563,0.00147,0.13428
marinabrunelli1,0.01509,0.00204,0.34773
SerglocSergio,0.01968,0.01177,0.46939
ScipioMSC,0.01659,0.00023,0.38186
alexfri44,0.0031,0.00139,0.07536
gpsalandin,0.00052,0.00016,0.01301
MarcoGFM,0.00095,0.00023,0.02226
Gius_Taurino,0.0033,0.00005,0.07605
FreRuozzi,0.0033,0.00049,0.07591
LiberiSI_Italia,0.0193,0.00504,0.44474
BastaUnSiFormia,0.00162,0.00134,0.0398
licia_la,0.00413,0.00311,0.09531
Sergio_Cava,0.00465,0.00067,0.10763
Chiariello_CS,0.0075,0.00144,0.17308
RobRe62,0.00854,0.00492,0.27286
LeonebonCettina,0.00258,0.00081,0.06787
luigielena,0.00143,0.0005,0.04869
pietroraffa,0.01167,0.0144,0.26784
michelecampa65,0.00516,0.00011,0.11853
lblou,0.00446,0.00188,0.10291
kisskissnapoli,0.00042,0.00239,0.01001
assurdbanipal,0.00651,0.00485,0.15158
oldmanandsea1,0.00261,0.00027,0.06088
Arik27Giovanni,0.00864,0.00108,0.19855
tesacro_,0.00278,0.00091,0.06563
MarchionnaVania,0.00971,0.00099,0.22297
DiegoZardini,0.00836,0.00388,0.19451
diegovlifonti,0.00247,0.00065,0.05762
FIMCislStampa,0.01522,0.00384,0.34944
insiemesicambia,0.00187,0.00237,0.05027
animerrante,0.00688,0.00075,0.1582
Sergiochem,0.00154,0.00008,0.03667
gpazzaglia71,0.00246,0.00207,0.0585
politica_24,0.01404,0.00309,0.32397
CisterninoAndre,0.00059,0.0001,0.015
older_balder,0.00068,0.00062,0.01567
lisanna,0.0026,0.00118,0.06163
minGiustizia,0.00026,0.00242,0.00607
PdMilano,0.00865,0.00978,0.20686
imago_mundi,0.00311,0.00043,0.07154
creativitysmart,0.00683,0.0005,0.15701
DantiNicola,0.00765,0.00622,0.17823
vigliottienzo1,0.0058,0.00832,0.13371
Mariattias,0.00725,0.00015,0.1667
LiciaRossi2015,0.00698,0.00139,0.16369
GonzDeGadda,0.00675,0.00196,0.15641
Antonel29395200,0.00088,0,0.03261
FraAngelone,0.00095,0.00026,0.02185
GiuseppeGuerin1,0.00783,0.00413,0.17976
awolfatthedoor2,0.00587,0.0001,0.1351
RaRoby56,0.01056,0.00062,0.24809
gramezzana,0.00717,0.00027,0.16609
liberidcrederSi,0.00091,0.00043,0.02222
bastaunsiiiiiii,0.00284,0.00167,0.07049
PIERANG60383345,0.00023,0.00058,0.00596
ghi_ang,0.00671,0.00016,0.1543
Il_Piri,0.00451,0.00052,0.10553
ildefor,0.00393,0.00048,0.14653
michelelan,0.0053,0.01023,0.12767
iomaredinverno,0.01027,0.00239,0.23608
Roberto_Borzi,0.00334,0.00026,0.07722
FilippinRosanna,0.00894,0.00668,0.20567
giovanniemilia,0.00333,0.00019,0.07673
rosad24,0.00128,0.00056,0.03005
dottor_gay,0.00056,0.00071,0.01396
MarilenaMunaro,0,0.00002,0
lucianonobili,0.00844,0.01212,0.19757
catera_roma,0.00029,0.00012,0.00677
IlMontanari,0.00889,0.00614,0.20416
DaniloStancato,0.01311,0.0081,0.3011
unblogpolitico,0.01594,0.00124,0.39064
MicheleManescal,0.00002,0.00007,0.00166
DavCuoreImpavid,0.00354,0.00013,0.08185
valeryb83,0.00278,0.0001,0.06792
Marco_Federici,0.00139,0.00004,0.03196
FilippamariaRi1,0,0,0.00018
Trelune,0.00836,0.00641,0.19221
PPBaretta,0.00575,0.01251,0.13441
marcosimoni_,0.00759,0.00517,0.17492
rugaskipper,0.01933,0.00301,0.45454
PietroRegaz,0.00489,0.00039,0.11298
g_giuseppina,0.00794,0.0018,0.19077
Lorenzo_Tei,0.00063,0.00008,0.01498
asromafollower,0.01334,0.0012,0.30637
AlexMarty2014,0.00061,0.00015,0.01452
Catia66Catia,0.00172,0.00043,0.04927
nappi43,0.00349,0.00073,0.08071
bigimauro,0.00629,0.00216,0.1479
PDCalabria,0.00318,0.00494,0.07922
loredanadisomma,0.0021,0.00029,0.05079
Mr_GianBo,0.00356,0.0006,0.08342
fairness_,0.01124,0.00069,0.25874
arbiter46664,0.00091,0.00009,0.02217
marconardella,0.0011,0.00024,0.03339
LorenziTania,0.01172,0.00316,0.28221
Donatel52378513,0.00175,0.00001,0.04469
biancalocci,0.00118,0.00015,0.02738
ivancatalanodep,0.0094,0.00511,0.21949
PaoloRovis,0.01261,0.00355,0.29048
aldoceccarelli,0.00485,0.00458,0.12206
Nicola_Alberta,0.00515,0.00065,0.12342
marinocasoni,0.00205,0.00072,0.04833
MartyO13,0.00309,0.00053,0.07282
GiannoneGerardo,0.00646,0.00118,0.14863
doriananera,0.00397,0.0005,0.09133
giuseppetp55,0.0059,0.00377,0.1357
renatabriano,0.00765,0.0088,0.17559
HariSeldon,0.00152,0.00042,0.03489
frarss,0.00309,0.00016,0.07323
FacchiMina,0.00338,0.00042,0.07771
giusimarrosu,0.00222,0.00028,0.05675
macpro8491,0.00205,0.00009,0.04775
libe12andre,0.00851,0.00031,0.20985
JLTouadi,0.01198,0.01035,0.27565
liviomarsico,0.00206,0.0004,0.04809
Sarottola_,0.001,0.00092,0.02321
adelaid93680776,0.00111,0.00012,0.02715
MicScandroglio,0.00274,0.00161,0.063
AMandice1,0.00412,0.00005,0.09568
Irishsara1980,0.00633,0.00084,0.15214
RoccisanoF,0.00816,0.00405,0.18841
jacop_etti,0.00982,0.00196,0.22689
amoreandrea84,0.01038,0.00405,0.23997
PersanoA,0.00715,0.00011,0.16413
AriannaCensi,0.00911,0.00144,0.20998
robertabg72,0.0051,0.00065,0.11716
ilpoetaestinto,0.01171,0.00667,0.26895
rampi,0.01461,0.00771,0.33836
summa57,0.01582,0.00596,0.36812
VicoLudovico,0.02004,0.00587,0.46021
ugopavo,0.00243,0.00036,0.06108
mgulivo7,0.00217,0.00272,0.06728
giuliofbagnale,0.00307,0.00003,0.07074
GPalombelli,0.00373,0.00031,0.0857
a_iervolino,0.00511,0.0002,0.12206
openValtellina,0,0.00039,0.00036
GiovanniMoglia,0.00534,0.00066,0.13409
catia_rocchi,0.00058,0.00021,0.01378
vitodero,0.00779,0.00057,0.17918
effe1312,0.0014,0.00121,0.04967
ItaloCantore,0.00127,0.00029,0.02948
AnnaBrondinoAP,0.00926,0.00077,0.21261
PallacordaPD,0.00259,0.00101,0.06165
noth2loos,0.00185,0.00163,0.0447
Federbiologi1,0.00329,0.00004,0.07569
dippolitowilma,0.00235,0.00102,0.12235
lovingmyMalfoy,0,0.00001,0.00001
Amalia80258162,0,0.00041,0.02462
sicalabria,0.00011,0.00154,0.00395
Lucicampa1,0.0004,0.00014,0.01064
trepazia,0.00652,0.00146,0.15351
nannaenik,0.01087,0.00597,0.25481
MarioRigoni2,0.01664,0.00272,0.42589
marini_gian,0.01489,0.00166,0.35187
mattiatarelli1,0.00342,0.0015,0.07941
PrinaFra,0.01029,0.00173,0.23832
ivanovillani1,0.01635,0.00466,0.38362
emanuelaneri14,0.00061,0.00545,0.01413
RTgovernoRenzi,0.01079,0.00119,0.27846
5747695b8d3147e,0.00324,0.00002,0.07447
a_medici,0.00294,0.00026,0.06916
NovaVetera,0.00838,0.00205,0.19367
lucabambu,0.00599,0.00397,0.14181
FrankSfarzo,0.00081,0.00019,0.01936
BomprezziMarco,0.00113,0.00035,0.02681
Giu_Lauricella,0.01213,0.00301,0.27929
mezzuomo,0.00237,0.00009,0.05678
GianusSicanus,0.00437,0.00004,0.10055
SelvaticaGioia,0.00991,0.00055,0.22844
sacchi_ampalma,0.0015,0.00001,0.03455
kryptondaddy,0.00476,0.00372,0.11004
LucaEffeTW,0.00283,0.00073,0.06493
MauroT57,0.00624,0.00034,0.14328
RFURESI,0.01286,0.00365,0.29528
masciameleo,0.00192,0.00055,0.04812
emmedibi,0.01122,0.00606,0.25766
iColomboA,0.00265,0.00019,0.06148
marcomartorelli,0.00503,0.00162,0.11699
GabrieleBosi,0.00887,0.00155,0.20416
stefanoesposito,0.00782,0.02608,0.18036
LuigiLacqua,0.00536,0.00302,0.12356
RRaffone,0.00497,0.00118,0.11639
aldorosati,0.01267,0.00363,0.29785
lucianagamb1981,0,0,0.00683
Emagorno,0.00048,0.00648,0.01593
angelomarra3,0.00696,0.00041,0.16007
doctorloquax,0.00071,0.00054,0.0217
iPopolari,0.00544,0.00118,0.12701
alcinx,0.00309,0.00063,0.08848
PaolaSalcuni,0.0019,0.00007,0.05534
PuglisiPD,0.02323,0.02532,0.53486
BimboMinkiaEROE,0.00082,0.00001,0.01911
AMARANTINE5,0.01798,0.00305,0.42336
asocialesempre,0.00253,0.0121,0.12208
betman,0.02066,0.02128,0.47434
ADM_assdemxmi,0.01297,0.00153,0.31216
babi_lolita,0.00661,0.00423,0.22027
sosserio,0.00449,0.0001,0.10321
eminnucci,0.01195,0.00377,0.27551
giulietino11,0.00765,0.00224,0.17688
uambrosoli,0.00667,0.04044,0.155
agomariagreco,0.01735,0.004,0.3984
KirilFedi,0.00188,0.00059,0.04855
GOccorsio,0.00212,0.00063,0.05016
volpedora67,0.0034,0.0007,0.11438
Laurinalan,0.00339,0.00093,0.0856
tobiamc,0.00326,0.00089,0.12926
LucianoPetrullo,0.00789,0.0007,0.18159
FrancPastore,0.00087,0.0001,0.02442
GraziaC5,0.00327,0.0003,0.07567
RaffaelePizzati,0.01582,0.0073,0.39381
BelpassiJessica,0.00829,0.00448,0.19941
DennyScarano,0.0016,0.00054,0.03763
sarzanapartitod,0.00546,0.00088,0.12537
condipodaro1,0.00261,0.00012,0.06194
laura_ceruti,0.0079,0.00485,0.19222
Montecitorio,0.00643,0.07192,0.14767
AdelBScott,0.0057,0.00167,0.14103
gorgaclelia,0.00527,0.00047,0.1225
maluni54,0.00231,0.00052,0.05529
MonzaperilSi,0.00553,0.00178,0.12952
Green1059,0.00429,0.00022,0.09844
agneseadele,0.00488,0.00034,0.11301
DanyRocchetti10,0.00057,0.00002,0.02697
ValeriaMazzocco,0.00077,0.00001,0.01979
francabaratella,0.00884,0.00177,0.20353
ala_puglia,0.0059,0.00021,0.13583
FrancescaPontan,0.01678,0.00629,0.38609
Benedetta_Alba,0.00184,0.00016,0.04248
Frank75White,0.01142,0.0002,0.26256
PierMaran,0.00313,0.00746,0.07248
StellaAlpinaVdA,0.00176,0.00017,0.04106
roccoqz,0.0007,0.00005,0.0162
ARMANDOMAGLIONE,0.00865,0.00175,0.19886
moniacristarel1,0.00061,0.00013,0.01856
MauroLogoluso,0.00071,0,0.01643
TozziDebora,0.00306,0.00073,0.07173
summo_t,0.00367,0.00043,0.08701
LunaDeGattis,0.00004,0.00006,0.00157
CapitaleDe,0.00598,0.00044,0.13724
CiranGuccini,0.00578,0.00323,0.13365
Nessuno01333091,0.00247,0.00006,0.05677
pbaro,0.00458,0.00088,0.1058
alnferrari,0.00911,0.00195,0.20978
francesco_tassi,0.00416,0.00061,0.09683
BufaledelNO,0.00024,0.00002,0.01157
esset64,0.00209,0.00043,0.04915
pamyluigi,0.00004,0.00006,0.00862
sciulz66,0.0035,0.00006,0.08115
NQuadraro,0.00172,0.00015,0.04071
vmgiosa,0.0002,0.00021,0.01249
AntoGiuntoli,0.00187,0.00059,0.04353
madforfree,0.00919,0.00358,0.2109
RoriaVittogo,0.00036,0.00004,0.00848
AnnaAnnaliuzzi,0.00014,0.00007,0.00416
LorenzoNincheri,0.00416,0.00011,0.09551
niccolofalomi,0.00179,0.00022,0.04145
guerini_lorenzo,0.00764,0.03303,0.1758
enzosantagada,0.00648,0.00113,0.15724
lucafalc1,0.01513,0.00157,0.34753
gsaturnini,0.00518,0.00093,0.1204
57_mimmo,0.02904,0.00602,0.67032
ElenaBrunoG,0.00159,0.00029,0.04989
peppe_tweet,0.00461,0.00035,0.10582
davide_poletti,0.021,0.00138,0.48227
PaoloProsdocimi,0.00445,0.00025,0.10613
RobertoTatankaa,0.01029,0.00718,0.24145
marconi_carla,0.00022,0.00002,0.00507
LucianoLavecchi,0.00585,0.00219,0.13469
centannidi,0.00021,0.00038,0.00483
fava_giuseppe,0.00501,0.00006,0.11535
Federica2115,0.00378,0.00023,0.08733
Comincini,0.00548,0.00388,0.13017
RussoRosa7,0.00209,0.00008,0.07066
Abbipazienza,0.00707,0.0039,0.16303
vedoliberal,0.00159,0.00018,0.0377
anubidal,0.00086,0.00444,0.03048
ChiaraCalace,0.01096,0.0024,0.25306
FrancoAlfieriPD,0.00486,0.00068,0.12087
decicco_carmen,0.00331,0,0.08267
rumba15342942,0.00401,0.00211,0.13477
Lavex61,0.00239,0.00015,0.05644
PapaleoDomenico,0.00964,0.00131,0.22286
LucaBraia,0.0112,0.00296,0.25959
contemax72,0.00148,0.00007,0.03397
EmilioBrambilla,0.00157,0.00031,0.03679
enricoseidue,0.00131,0.00034,0.03066
ColombaMongiell,0.00752,0.00337,0.17548
BolognaxRenzi,0.00481,0.0021,0.11274
FedericaF1990,0.00521,0.00043,0.1241
coppolapaolo,0.00777,0.00646,0.17967
Framoruso,0.0135,0.00082,0.31057
r_castiglia,0.00936,0.00066,0.21572
Lucia7910,0.01214,0.00018,0.27879
CovelloStefania,0.00769,0.01203,0.17816
SabriBenetazzo,0.00102,0.00075,0.02385
santangeloitalo,0.01241,0.00099,0.28776
ivanve1,0.01453,0.0003,0.33394
Lucadvmarcos,0.00238,0.00011,0.05485
lucaspagni,0.01226,0.00141,0.28135
openpolitica,0.01251,0.00711,0.29162
MaurilioVitto,0.00208,0.00264,0.04991
PDPiemonte,0.00492,0.00396,0.13174
nicomar2610,0.00808,0.00124,0.18562
enrico_pagano,0.01251,0.00218,0.28801
morello67,0.00558,0.0003,0.12911
CerinoAnnamaria,0.00164,0.00049,0.0454
LupeRam89073615,0.00042,0.00049,0.01874
MadeinJapan2015,0.00755,0.0007,0.17344
giusepp26770710,0.00234,0.00112,0.05484
BendiniBarbara,0.01307,0.00228,0.30481
lecheey,0.00103,0.00061,0.0255
grancetto,0.00358,0.00329,0.08354
spacecowboy31,0.00794,0.00175,0.19375
NicoPavarin,0.00157,0.00005,0.03627
cristinasalmena,0.01418,0.00373,0.3257
MarcoFedi58,0.00505,0.00346,0.11647
gianni956,0.00494,0.00358,0.11351
atreide65,0.00092,0.00025,0.0213
lctr82,0.01194,0.01859,0.27531
AlbinoMalfara,0.00279,0.00134,0.15835
mariangelader,0.01144,0.00044,0.26372
liber_cogitatio,0.00802,0.00133,0.18781
enzo958,0.01697,0.00863,0.38987
blancinera,0.00115,0.00001,0.02742
AntoFerrantePD,0.00432,0.00378,0.10523
smirnoff1978,0.00887,0.00162,0.20472
phonic50,0.00277,0.00017,0.06498
MaurizioIsola66,0.00092,0.00012,0.02168
yuribellini,0.00207,0.00009,0.04906
ggallia,0.00629,0.00018,0.14504
MorroniBruno,0,0.00015,0.00066
iltempopassato,0.00284,0.0009,0.06663
bastaunsiRoma,0.00893,0.00111,0.2172
azeteo,0.00757,0.00063,0.17446
ernestocaprari,0.01051,0.00423,0.26424
De_Sand21,0.00473,0.00008,0.10868
alde68,0.00134,0.00149,0.03068
crochets_monia,0.00186,0.00029,0.04322
lprestia,0.00139,0.0015,0.03244
Max_Deidda,0.00085,0.00017,0.01966
LucioRomano02,0.00522,0.0023,0.12285
francor71282755,0.02147,0.00508,0.49357
fieramosca59,0.00009,0.00034,0.01385
RadioRadicale,0.01958,0.02688,0.44977
HicEstLeo,0.00184,0.00032,0.04228
BarcaRino,0.00002,0.00073,0.00181
francivale,0.00369,0.00047,0.08547
ChecoVenier,0.00213,0.00346,0.04886
maurizioft,0.0062,0.00369,0.15157
eugenianicolicc,0.00993,0.00089,0.22812
matiolo1,0.0034,0.00062,0.08137
MiDispiaceNO,0.00113,0.00056,0.30479
ElinaCaruana,0,0.00003,0.0012
GalloBelmax,0.0089,0.00141,0.20589
bauhusi,0.00083,0.00005,0.01915
Cenorava,0.00613,0.00155,0.14172
ECeccherini,0.0058,0.00016,0.13375
BeppeSama,0.00312,0.00367,0.07715
SandraQuellen,0.00219,0.00144,0.05047
AgostinoOttavi,0.00499,0.00143,0.11447
maxmorinelli,0.00281,0.00193,0.06764
SurrexitVere,0.0016,0.00202,0.03778
GargiuloSara,0.00889,0.00073,0.20465
MarinaSereni,0.01438,0.02529,0.33593
liberidipensar,0.00647,0.00113,0.1498
MonicaPaviotti,0.0095,0.00046,0.21986
sarabiagiotti,0.0122,0.00444,0.28075
francescorodati,0.00009,0.00009,0.00278
Gianni150550,0.00086,0.00013,0.02203
arte1106,0.00288,0.00017,0.06895
angelinascanu,0.01729,0.00993,0.73032
BonvFab,0.00075,0.00018,0.01876
vincenzociril16,0.00345,0.00029,0.08066
laretedeisi,0.00126,0.00425,0.02913
marcocarezzano,0.00314,0.00079,0.07215
salvoverde,0.00404,0.00012,0.09271
AlessioQuinta,0.01317,0.00176,0.30322
giancalex,0.00738,0.00235,0.16944
marattin,0.00453,0.00846,0.104
ilariafurfori,0,0.00007,0.00258
TIZIANAPOESIA,0.00559,0.00277,0.134
cinzia_ficco,0.01652,0.00157,0.38118
CarmelinaCarmi,0.00299,0.00033,0.07196
Andrea_Done,0.01215,0.00214,0.27919
SergioArrigotti,0.00218,0.00017,0.0515
LauraGaravini,0.00755,0.00548,0.17448
Pamaldi,0.00752,0.00121,0.17315
ragionepubblica,0.00557,0.00186,0.13343
discordoconme,0.01368,0.01541,0.32405
schierhangl,0,0.00005,0.00271
marziaminozzi,0.00569,0.00039,0.13108
giulianomanzi,0.00052,0.00005,0.01184
farnesioj,0.00183,0.00018,0.04605
LValentinis,0.00452,0.00021,0.10577
GioMelandri,0.01267,0.02494,0.29103
62a9d0ad80394a3,0.00645,0.00078,0.14952
Gianni_Ciasullo,0.01921,0.00185,0.44158
hayes_pray,0.00001,0.00005,0.00056
FEDELE_AL_M5S,0.00225,0.00013,0.0592
maria6006,0.0043,0.00005,0.09862
AlessioPecoraro,0.0074,0.00574,0.17057
lmanfron,0.00364,0.00006,0.08391
mariallegra,0.00133,0.0006,0.03358
sandratognarini,0.00071,0.0007,0.01895
itsaudade,0.00535,0.00167,0.1301
MarcellaMelodia,0.00761,0.00093,0.17799
GiuseppeSavino5,0.00969,0.00041,0.22331
pontealto63,0.00278,0.00002,0.06457
gluca54,0.00259,0.0003,0.0594
marrus91,0.0009,0.00059,0.0218
ciIO7GnP9fIAYXc,0.00172,0.00008,0.04446
antoniolotadio,0.00085,0.00005,0.01974
LorenzPlatania,0.00373,0.00098,0.08693
alessandro_adl,0.00692,0.00011,0.15992
luciaperiss,0.00499,0.00066,0.12613
BiscioneA,0.00002,0.00003,0.00049
onestaverita,0.00169,0.00001,0.04653
MinisteroDifesa,0.00022,0.03373,0.00533
M5SAn,0.00652,0.00105,0.15377
comunevenezia,0.0021,0.00343,0.04864
JEScalabria,0.00689,0.00055,0.1584
P_Pignotti,0.00292,0.00003,0.06934
Amalia1962,0.00555,0.00024,0.12749
bolo_lo,0.00582,0.00127,0.13478
rosalbacrazia,0.00084,0.00015,0.02224
epicariello,0.0065,0.00127,0.14959
profeta1981,0.01611,0.00135,0.36999
garridino,0.00617,0.00229,0.14248
soloversacexme,0.0007,0.00016,0.02034
nontelodicomai_,0.00595,0.00028,0.13695
Ettore_Rosato,0.01706,0.02497,0.39257
nelloufo,0.00088,0.00005,0.0203
FraMu83,0.00761,0.00028,0.19791
pietrobravo,0.00767,0.00011,0.17817
nataliprodan,0.00284,0.0002,0.06571
ti_rossan,0.01272,0.00377,0.30451
manfredi59,0.00632,0.00157,0.14525
lorenzoperoni,0.00883,0.00157,0.21393
LanoCorio,0.002,0.00076,0.04595
scaliatonino,0.00001,0,0.00447
AntonellaGrim,0.01131,0.00197,0.26483
StefanoDeloren1,0.01337,0.00402,0.30882
pensamax,0.00609,0.00003,0.14054
alessio_88,0.00604,0.00251,0.13883
ctancpalm,0.00442,0.00017,0.10173
Gabriele_Vernuz,0.00665,0.00102,0.15332
lefrasidiosho,0.00323,0.01625,0.07447
warsteiner_SF,0.00482,0.00183,0.11134
AccettoAnna,0.00393,0.00011,0.09027
CivettaneviE,0.00037,0.00064,0.0107
gabrieligm,0.00723,0.01767,0.1674
ErasmoDAngelis,0.01496,0.01959,0.35299
mtasinato,0.00618,0.00122,0.14271
marcodimaio,0.00683,0.00878,0.15699
pizziliberal,0.00398,0.00039,0.09465
serenel14278447,0.01145,0.00202,0.26901
Effegilo,0.00274,0.00052,0.06414
alfuturosi,0.00497,0.00197,0.13097
aquino5vincenzo,0.00381,0.00035,0.09113
CentristixilSi,0.00155,0.00139,0.0417
Bacc_investor93,0.0045,0.0001,0.10486
Martinandenna,0.00222,0.00054,0.05115
PensieroDem_,0.00227,0.00325,0.05558
mercedesbresso,0.00873,0.00543,0.20109
X12RED,0.00579,0.0011,0.13515
emaparr,0.0031,0.0012,0.07126
alessiarotta,0.01042,0.02226,0.23925
AntonioCiontoli,0.01002,0.0003,0.23137
pinapic,0.00907,0.04504,0.2096
brunasaracco,0.00729,0.00314,0.17848
m_darienzo,0.0022,0,0.05141
ercules7676,0.00133,0.00003,0.03056
Tigre_E632,0.00345,0.00053,0.08284
EdiGirolami,0.01284,0.00336,0.319
SIPARISipari,0.00595,0.00345,0.15158
annaperina,0.00118,0.00009,0.03638
ff0rt,0.00216,0.00068,0.04967
elybartolini79,0,0.00024,0.00563
a_m_295,0.00579,0.00279,0.14433
PaolettaSusino,0.01506,0.00238,0.346
MaCheTipa_,0.0025,0.00049,0.0578
AntonioBurrasca,0.0003,0.00029,0.00704
GiusiGreco10,0.00063,0.00001,0.01657
03Stefania55,0.00969,0.00073,0.22692
_albos_,0.0072,0.00056,0.16529
paolo_cova,0.01374,0.0058,0.31665
FimCislBergamo,0.00428,0.00121,0.09844
Luca_Coraci,0.01076,0.00051,0.24929
ivana_tessarolo,0.00014,0.00007,0.00331
SorMarchese78,0.00262,0.0015,0.06051
poveraitaliaorg,0.00352,0.00063,0.08164
mimich58,0.00603,0.00074,0.13942
Andrea_V_73,0.00142,0.00055,0.03329
AttilioCaruso1,0.00019,0.00019,0.0048
ilgattonaccio,0.00158,0.00011,0.04085
ClaudiaGiunti,0.00041,0.00002,0.00987
millaadelaide,0.00335,0.00016,0.07984
Antonella180262,0.00388,0.00399,0.09296
marcocappa_,0.00868,0.00413,0.19955
EMarchiafava,0.01225,0.00165,0.28192
MovNazItaliano,0.00329,0.00013,0.07546
StefanoRauco,0.00099,0.00015,0.02412
chiara_meazza,0.01854,0.01337,0.42611
Cinziamas,0.00256,0.00272,0.06189
moscatelli69,0.00083,0.00071,0.01953
ghenvallecer23,0.00007,0.00011,0.00233
giulianaccio,0.00478,0.00008,0.10978
augustogregori3,0.00873,0.00064,0.20058
DottorWatson,0.0068,0.00846,0.15679
BorioniStef,0.00592,0.00618,0.13743
pietrogennaro12,0.00715,0.0004,0.16448
Giulianodalcin1,0.0075,0.00089,0.17385
katenever,0.01354,0.00071,0.31293
andrea_comotti,0.00042,0.00008,0.01016
Agenzia_Italia,0.0096,0.05317,0.22032
seneca1900,0.00077,0.00177,0.02556
ninogeremicca,0.00408,0.00163,0.09426
frenkilsolito,0.01438,0.00096,0.33082
Divirgilioale,0.00254,0.00073,0.05887
AntonioOpallo61,0.00177,0.00025,0.04089
ExElettore_PD,0.00011,0.00003,0.0065
giocorbisiero,0.00172,0.00008,0.04041
Jianko_,0.00193,0.00003,0.04445
giampierotomas5,0.00052,0.00202,0.01205
PADANO_LIBERO,0.00133,0.00146,0.03055
andreastabene_,0.00116,0.00047,0.02679
AdalucDe,0.00632,0.00647,0.15196
eceriz,0.00511,0.00039,0.11728
Rita5Ste2,0.00253,0.00002,0.05843
michela_baldari,0,0.00001,0.0073
vito51582589,0,0.00011,0.00006
sillacellino,0.00105,0.0019,0.02605
dianaseverati,0.00509,0.00091,0.11713
Mikeleo46,0.0022,0.00072,0.05265
fabriziomontag,0.00199,0.00004,0.06274
enribar,0.00862,0.00074,0.19942
MilaSpicola,0.01536,0.01721,0.35713
fedefarne1,0.00165,0.00059,0.03846
FrancescoD_G_,0.00158,0.00018,0.0365
RamonaFuriani,0.0046,0.00077,0.10664
JackBraca,0.00399,0.00126,0.1267
AneisFar,0,0.0001,0.0009
BrindusaB1,0.00187,0.00369,0.04343
AlessaM1986,0.00006,0.00046,0.04064
cod_eht,0.00322,0.00067,0.07411
bordomichele,0.01651,0.00446,0.37981
SaborPepe,0.00254,0.00028,0.05926
LaRadioNeParla,0.00497,0.00351,0.11415
lawetorder,0.00562,0.00021,0.12915
CGiachi,0.00744,0.00465,0.17217
martamaccag2,0.01882,0.00072,0.43302
porelmorro,0.00158,0.00342,0.03695
bertolire,0.01374,0.00338,0.32427
PAsproni,0.01359,0.00505,0.31262
maribonanno72,0,0.00012,0.01774
gcasarel,0.00655,0.00077,0.15098
AlfAnnunziata,0.01059,0.00059,0.24758
Salvo46583835,0.00247,0.00012,0.05723
carmelocarat,0.00607,0.0016,0.14008
CarmineSantor15,0.0002,0.00001,0.00515
francesca707070,0.01356,0.0069,0.31671
laluisellina,0.00167,0.00034,0.03868
terzullig,0.00355,0.00031,0.08162
XanderDelka,0.00186,0.00012,0.04268
mptuitter,0.0093,0.00083,0.21377
nabu65,0.00451,0.00109,0.10505
Giorgio777778,0.00018,0.00003,0.00556
tudor_andrea,0.00005,0.00007,0.00151
LauraFiavor,0.00651,0.00075,0.15079
Filippo_Nani,0.00423,0.0007,0.09721
tosmau,0.00316,0.00033,0.07322
castell32082033,0.00797,0.00219,0.1897
sirmalo,0.01359,0.00076,0.31263
Archifabrizio,0.00662,0.00015,0.1527
izoon2,0.00669,0.00021,0.16468
cesareaugustoca,0.00062,0.00033,0.02465
maciampi1789,0.00279,0.001,0.06511
AmatoGianmarco,0.00849,0.00013,0.19528
carlo647,0.00121,0.0003,0.0311
alessiodegiorgi,0.00628,0.00207,0.14694
mipiaceBarca,0.005,0.00599,0.11867
giorgio_gori,0.0046,0.03194,0.10699
Tluigi15,0.0106,0.00271,0.24888
GLapidem,0.00622,0.00244,0.14377
D_scarparo,0.00227,0.00006,0.05309
MassimoPreziuso,0.00649,0.00035,0.14907
seggen56,0.01757,0.00249,0.41477
brunoforesi,0.00284,0.00048,0.06542
questavoltasi,0.00516,0.00169,0.119
guylaroc,0.00172,0.00018,0.03972
lopec15,0.00714,0.0004,0.16768
cngeologi,0.00866,0.0039,0.19899
elio_calidori,0.00947,0.00019,0.22439
SenatoStampa,0.00164,0.05406,0.03754
AndreaOlivero,0.00342,0.00852,0.07985
mlombardo81,0.00848,0.0019,0.1968
mpiacenonaver1,0.00431,0.00092,0.09946
amiko1963,0.00267,0.0005,0.06338
italia_riparte,0.01584,0.01151,0.36791
soggiggi,0.00172,0.00018,0.04092
annamosca04,0,0.0002,0.00961
evilardi,0.00442,0.00041,0.10165
MACCHIEle,0.00263,0.00033,0.06589
erretti42,0.00272,0.00023,0.06272
leonardo_marras,0.00788,0.00194,0.18161
Marinel25496216,0.00001,0.00012,0.01261
alkimj,0.00015,0.00016,0.00801
GaspareRuiz,0.01318,0.00004,0.30813
DemetrioPecora,0.00947,0.0025,0.21878
DavideSilvestr6,0.00375,0.00702,0.09158
renzinews,0.00611,0.00951,0.14852
esecrable,0.00337,0.00012,0.08133
guagliandre,0.00003,0.00084,0.00089
Catecarpi,0.00062,0.00087,0.01607
SergCami,0.00944,0.00055,0.22423
InnovateEurope,0.01728,0.00324,0.39747
tizicap,0.00134,0.00004,0.03167
eligiobonfrate,0.00511,0.00044,0.11779
IleanaArgentin,0.00514,0.00652,0.11895
RosaAnnaArgento,0.00643,0.00047,0.15084
ciranapoletano,0.00366,0.00086,0.08737
CinqueRighe,0.00988,0.00047,0.22685
DossiCarla,0.02064,0.01106,0.48376
CollinaStefano,0.00929,0.00592,0.21335
gbandinelli,0.00852,0.00061,0.19594
enzodaversa95,0.00377,0.00004,0.087
JunqueiroFI,0.00748,0.00075,0.17177
milenapirola61,0.00259,0.00057,0.05956
ddgiusto,0.00212,0.00411,0.04871
BPompili,0.00305,0.00003,0.07062
itinagli,0.00301,0.01861,0.07153
funkyenrico,0.00175,0.00054,0.04078
bellini281,0.00334,0.00171,0.08293
PdToscana,0.01181,0.00745,0.27274
AdrianoMiconi,0.00148,0.00023,0.03404
ALBERTOENNA,0.01033,0.0002,0.23845
AAtheMerciless,0.00064,0.00222,0.01524
marianna_cosma,0.0029,0.00052,0.07552
Gianni_Elia,0.00355,0.00028,0.08201
ManfrediTW,0.01425,0.0044,0.32909
giuseppezorzi,0.00776,0.00022,0.17817
_missus_,0.00551,0.00103,0.12802
orfini,0.01678,0.05355,0.38782
AiseStampa,0.00759,0.0043,0.17496
cristinaenne,0.00076,0.00016,0.01748
EffeConTweet,0.00436,0.00056,0.1006
proxecco,0.00245,0.0001,0.05626
uomoinvisibile3,0.00156,0.00025,0.03617
comis_william,0.00721,0.00366,0.16636
1970Germano,0.00938,0.00138,0.21601
Antigiornalista,0.00691,0.0167,0.15867
Gio_Fittante,0.00732,0.00046,0.16926
stagatocle,0.01077,0.00061,0.25083
FCPCottafavi,0.00176,0.00285,0.04198
Lauragalimba,0.00275,0.00057,0.06321
SerenaConti_1,0.01184,0.00176,0.27193
KCarnasciali,0.01192,0.00157,0.2741
TeresaDeIulio,0.00206,0.00012,0.04749
sampericoncetta,0.00058,0.00004,0.01574
6a5e656eeb68484,0.00009,0.00004,0.00261
ilghiozzo,0.00679,0.02813,0.15605
PDGenova_,0.00314,0.00033,0.07267
SiRiforma,0.00658,0.00789,0.15134
pietroscarpact,0.01468,0.00147,0.33996
d_carella,0.00188,0.0024,0.04375
nomfup,0.0174,0.06231,0.40149
albipietroboni,0.01587,0.00143,0.36549
davidelungus,0.00207,0.00026,0.04822
mele_sebastiano,0.00548,0.00004,0.12675
basilicatasi,0.00487,0.00071,0.18932
Maurizio_Lupi,0.00698,0.04861,0.16586
fabio1964ott,0.00444,0.00025,0.10226
EnricoBorghi1,0.01432,0.00603,0.33162
BruxeLollo,0.00239,0.00034,0.0571
FcaPitti,0.00801,0.00104,0.19083
bragachiara,0.01146,0.01622,0.26532
A_Ambrogetti,0.00798,0.00083,0.18335
gualtierieurope,0.00365,0.02915,0.08415
PAOLOCARLESI,0.00532,0.00144,0.12211
bsvezia,0.00309,0.00057,0.07568
mariamacina,0.00181,0.00033,0.05457
PDlondra,0.00567,0.00348,0.13061
PoggiRossi,0.00414,0.00014,0.09634
carmela220968,0,0.00002,0.0008
logicasbilenca,0.00137,0.00014,0.03186
_MarcoGualtieri,0.00085,0.00093,0.02569
massimocali,0.00517,0.00183,0.11991
crislomb,0.00675,0.00586,0.15525
NMammato,0.00265,0.00025,0.06128
DslLorenzo,0.00997,0.00354,0.23025
FortunatoRomeo4,0.00574,0.00401,0.1319
mrtnrlrd,0.00301,0.00137,0.06917
LindaRandisi,0.00025,0.00014,0.00637
PaganelliLino,0.01806,0.00736,0.41465
alian_maria,0.00585,0.00044,0.13493
Davide72,0.01726,0.00083,0.3965
margherita951,0.01312,0.00305,0.31522
amariMarisa,0.00758,0.00516,0.17721
LeonardoMonte67,0.00176,0.00015,0.0422
fpugliese_conad,0.01256,0.00559,0.28834
trattovideo,0.01436,0.0099,0.32995
FioriAndreetta,0.019,0.0051,0.43979
convivioblog,0.00608,0.00191,0.13963
VincenzoPuro,0.00987,0.00308,0.22713
espoannalisa,0,0.00002,0.00013
fabiocastelli_,0.00268,0.00064,0.06187
lindapieragnoli,0.01167,0.00243,0.26841
libertaediritti,0.00803,0.00568,0.18479
AngeloBongio,0.01054,0.00139,0.24345
CChiama,0.00758,0.00185,0.17416
MeloniVito,0.002,0.00047,0.0462
marcomagno1967,0.00213,0.00014,0.04942
aristogitone1,0.00187,0.00041,0.04476
GuidoMaxCalanca,0.00342,0.00029,0.07921
999nuvola,0.00471,0.00573,0.10985
PietroEbner,0.00964,0.00222,0.22976
giorgio_prof,0.00598,0.00032,0.13773
limecb,0.00249,0.00004,0.05868
BenitaLicata,0.00011,0.00024,0.00266
Alexa415,0.00479,0.00016,0.11026
sergioalesi,0.00744,0.00282,0.17476
AntonioRepossi,0.0067,0.00043,0.15446
mdimagritt,0.00557,0.00246,0.12893
marcocobianchi,0.0072,0.01754,0.16563
ross27767,0.00047,0.00156,0.0136
fabionerd93,0.00399,0.00056,0.09275
ettoreramb,0.00404,0.00062,0.09264
pierandrea1965,0.00279,0.00218,0.06432
AlbertoForesti3,0.00072,0.00046,0.12005
SaraNY07,0.00206,0.00005,0.04766
5risi1,0.00442,0.00422,0.10394
MorinelliTony,0.00077,0.00066,0.02458
danieletonini1,0.01923,0.0031,0.44371
maphred,0.00187,0.00066,0.04389
tefulmino,0.00372,0.0044,0.08544
smorelli,0,0.00022,0.00833
sanCefa,0.00212,0.00001,0.04874
liviow23,0.00407,0.0009,0.09411
francocrepaldi1,0.00347,0.00003,0.08433
ezekiel,0.01035,0.01532,0.23779
Franciscktrue,0.00179,0.00057,0.04117
net_carloni,0.00435,0.00202,0.10003
Maceaster,0.0064,0.00398,0.14763
pisquik,0.00404,0.00007,0.0934
BozzaLbozza412,0.00602,0.0005,0.14257
giannielle1,0.02185,0.00157,0.50307
gemmaandrea3,0.01231,0.00014,0.28419
unoenessunoe,0.00568,0.00138,0.13049
Qangaceiro,0.00121,0.00143,0.02871
MarcoCivolani,0.00017,0.00024,0.00956
adolfoebasta,0.00153,0.00092,0.03571
adeadparrot_,0.00098,0.00068,0.0952
mauriziozingoni,0.00306,0.00054,0.07054
Misss_Morrison,0.00715,0.00046,0.16477
artdielle,0.00274,0.00527,0.06394
Camusdele,0.00515,0.00172,0.1237
pdRoccaSG,0.00236,0.00027,0.05428
Geremniak,0.01172,0.00293,0.26916
julyette17,0.00288,0.00018,0.06889
GiuliaTempesta,0.01407,0.00716,0.32409
GiorgiaBaba24,0,0.00034,0.00144
ceciliatagliati,0.00427,0.00053,0.09847
GiuseppBonanno,0.01242,0.00055,0.28638
GIORGIO170675,0.0026,0.00084,0.06911
cinicorealismo,0,0.00006,0.00042
guamari7,0.00234,0.0001,0.05381
enrico_zanetti,0.00469,0.01495,0.11041
TwittaRitwitta,0.01161,0.00129,0.26666
masqliddo,0.0056,0.00016,0.12893
pivagiancarlo,0.00335,0.00046,0.07698
_pierini_,0.00893,0.0116,0.21632
marco4763,0.00034,0.00002,0.01
estellamarino,0.00808,0.00452,0.18572
pruckler,0.00651,0.00327,0.15384
GianfrancoGasb1,0.00743,0.00215,0.17147
BrunoAstorre,0.00418,0.00185,0.09687
Yogaolic,0.00219,0.00015,0.05193
dedonno67,0.00795,0.00157,0.18259
Liberi_Si,0.00325,0.00183,0.07877
ivanscalfarotto,0.00996,0.04857,0.23069
ISolimeo,0.00126,0.00011,0.0432
TizianaGl60,0.00996,0.00765,0.24971
stefanoba64,0.01318,0.00069,0.33111
ValentinoC2014,0.00336,0.00038,0.07809
licprospero,0.00062,0.00155,0.0146
VanniPetrelli,0.01425,0.01025,0.3285
massimopiccardi,0.00226,0.0006,0.05199
achiropitaarcid,0.00095,0.00008,0.02395
HORASDESIGN,0.00316,0.02476,0.07355
MassimoWindowc,0.00287,0.0007,0.06649
VittorioPecorar,0.00505,0.00263,0.11791
MicK_ele,0.00604,0.00474,0.13995
F_Boccia,0.00615,0.02804,0.14146
OttoIso,0.00084,0.00018,0.02038
robertozolli,0.00208,0.00004,0.04784
mariobianchi18,0.00345,0.00147,0.0805
antoniocardi,0.00283,0.00052,0.0652
PDPrato,0.00617,0.00349,0.14449
marialuisazocc1,0.00099,0.00004,0.02591
lucia_sulas,0.00264,0.00029,0.06081
ersorpasso,0.01022,0.00101,0.2346
IlDucaBianco94,0.00236,0.00006,0.05434
PiazzaSimonetta,0.00316,0.00044,0.08079
Armando89787817,0.00701,0.00042,0.16191
susanna_barina,0.00638,0.00067,0.14653
cristina_gioia,0.00205,0.00039,0.04736
npreiti,0.01097,0.0011,0.25403
prof1976,0.00915,0.00087,0.21063
vladfrulletti,0.01363,0.00366,0.31519
rudyfc,0.01557,0.01683,0.35809
AleCozzolinoo,0.00742,0.00021,0.17062
ElElbeva,0.00262,0.00032,0.06634
2025annamaria,0.00666,0.00239,0.27029
movittone,0.01398,0.00805,0.34287
danieledvpd,0.00538,0.00654,0.26809
svibblo,0.00491,0.00007,0.11429
c_dorsi,0.00755,0.00068,0.19375
LbIbrido,0.00484,0.00015,0.11255
AngeloCivico,0.01,0.00074,0.23149
Lcungi,0.01655,0.00593,0.45215
StopTTIP_Italia,0.00106,0.00668,0.02435
robyducklings,0.00082,0.00011,0.01994
animativerina,0.00396,0.00021,0.09683
USiracusa,0.00314,0.00048,0.07227
StefaniaVentu16,0.00654,0.0031,0.16753
fabbrifa65,0.00132,0.0002,0.03038
legalite952,0.00698,0.00132,0.16074
blankaut,0.0012,0.00143,0.02751
SimyFrant,0.00694,0.00269,0.16104
dagoweb,0.00267,0.00074,0.06355
AlvarDflake,0.00231,0.00006,0.05424
marchiggia,0.0013,0.00005,0.03024
valfromrome,0.0008,0.00046,0.02241
LemmaAndrea,0.00661,0.00161,0.15377
margheritagior8,0.00024,0.00001,0.00857
sdavite110,0.01242,0.00278,0.28574
cinasky_h,0.00555,0.00027,0.13087
AndreaGhiringh2,0.00203,0.00036,0.04807
MariellaBonotti,0.00295,0.00033,0.0716
lavynya2003,0.00331,0.00009,0.08397
vitoballarino,0.01905,0.00168,0.43773
BorzattaP,0.00358,0.00107,0.09336
MauriZucchi,0.01023,0.00393,0.23579
RioPugliese,0.00025,0.00016,0.00576
MilanoBastaUnSi,0.00387,0.00263,0.11362
jekkopp,0.00485,0.00013,0.11185
Renzoseccia,0.01784,0.01205,0.41941
RCapaccioli,0.01201,0.00592,0.27874
brasil_65,0.01175,0.0004,0.27032
BennyDelmastro,0.0013,0.00018,0.0306
lyunberg,0.00052,0,0.0135
GLucas71,0.00615,0.0007,0.14554
fbianco91,0.01295,0.00032,0.31753
va_varca,0.0052,0.00036,0.12017
titzbiltz,0.0027,0.00199,0.07308
MarcoLuchin,0.00585,0.00022,0.13538
AngelisaAG,0.0075,0.00012,0.173
helty_87,0.00149,0.0001,0.03492
matahar02398720,0.00233,0.00057,0.05384
dguenza,0.00179,0.00008,0.04112
CarloSantaroni,0.01464,0.00595,0.36159
StePassia,0.00697,0.00076,0.16061
Falcon74A,0.00492,0.00384,0.11334
MircoBagnari,0.00463,0.00086,0.10636
GiancarloTonga,0.00768,0.00083,0.17842
francesca_t8,0.00067,0.00003,0.02252
GermanaGiani,0.00582,0.00038,0.13604
pierovalvecchia,0.00639,0.0003,0.14827
camillafabbripd,0.01683,0.00736,0.38758
rsimoni62,0.00865,0.0007,0.2207
taddei76,0.00717,0.03068,0.16634
enrisav,0.00754,0.00095,0.17356
Molo31Monica,0.01223,0.00624,0.3169
simona13364697,0.00035,0.00036,0.01082
pirandello11,0.0097,0.00074,0.22291
Monia_Merli,0.012,0.00127,0.27849
PDSaronno,0.00295,0.00073,0.0703
ConflittiMarco,0.00192,0.00016,0.04483
Pippo_Moscuzza,0.01014,0.00228,0.23345
mdpennalunga,0.01128,0.00505,0.27914
twantonioc,0.01041,0.00375,0.30366
robertoerarael,0.01081,0.0104,0.2495
AioBio13,0.00098,0.00003,0.02258
Bastaunsi_UK,0.01421,0.00266,0.32638
palermosicambia,0.00046,0.00075,0.01066
ManuelaCroatto,0.00619,0.00205,0.14231
PalettaAlina,0.00139,0.00014,0.03267
diloretoale,0.00784,0.00082,0.18209
BastaUnSiArezzo,0.00019,0.00043,0.00461
tomasonidiego,0.00116,0.00213,0.02883
gdnazionale,0.00502,0.01557,0.11813
ricot75,0.00943,0.00036,0.2168
GiuseppeCanto84,0.00101,0.00017,0.02315
Bertoldo41,0.00033,0.00018,0.00984
FFiamengo,0.00419,0.00017,0.10519
NunziaFerraiol4,0.00072,0,0.01666
VBenetello,0.00891,0.0005,0.20816
paolacoccioli,0.00716,0.00053,0.17379
albertodorazio,0.00398,0.00007,0.09131
eugeekpat,0.00974,0.003,0.22382
GarsiMarianna,0.00302,0.00048,0.06968
POAxSI,0.00425,0.00136,0.10448
MarinaPlacidi,0.00966,0.00085,0.22214
claudiamedd,0.01297,0.00993,0.30913
valeriarosati55,0.00071,0.00006,0.01646
carmelomiceliPD,0.00489,0.00298,0.11234
Almagesto75,0.00181,0.00033,0.04178
BenedettaCasu,0.00744,0.00015,0.17503
WRicciardi,0.00029,0.00146,0.00686
MarcoMariani_IT,0.00089,0.01766,0.05736
raffaellaluner1,0.0024,0.00008,0.05746
RaffaellaTaggi,0.00638,0.0007,0.1485
mariantodm,0.00507,0.00067,0.1194
giudiiiiiiiiii,0.00067,0.00031,0.01755
niccolo_c,0.00197,0.00385,0.04589
PDMONZABRIANZA,0.00351,0.00206,0.08654
SilviaTricaric5,0.00166,0.00047,0.0392
giuseppegprete,0.00451,0.00283,0.10428
trendinaliaFCO,0,0.00009,0.00042
pdpesarourbino,0.00648,0.00177,0.15568
scelta_civica,0.01242,0.01968,0.289
pagio_paola,0.00866,0.00174,0.20118
RutaSilvia,0.0017,0.00016,0.03919
grazia_sciacca,0,0.00001,0.00132
Mariettatidei,0.01034,0.00672,0.23779
M_Berlinghieri,0.00388,0.00256,0.09126
PalazzoAntonio,0.00676,0.00132,0.15615
RosamariaGiu,0.01161,0.0011,0.27317
bianchi_ennio,0.00355,0.00027,0.08286
jacksonisart,0.0001,0.00002,0.00393
Paolo_Perini83,0.00193,0.00026,0.04475
esmecarlino,0.00545,0.00003,0.12581
SiSituni,0.00818,0.00259,0.18955
frido1962,0.01123,0.00787,0.267
sysmedia68,0.01584,0.00335,0.36797
ClaudiaMancina,0.00312,0.00137,0.07168
glpaglia,0.01115,0.00077,0.25612
federicosarica,0.00582,0.006,0.1345
mario_ciliberti,0.00776,0.00708,0.17831
UgoQuinzi,0.00169,0.00176,0.04073
enrico_farda,0.00089,0.00187,0.02792
astancolle,0.00284,0.00102,0.06581
___A_L_E___,0.00509,0.00034,0.11717
SalacristRenata,0.00024,0.00012,0.01171
GioMas77,0.00046,0.00004,0.01072
GianfrancoB3,0.00337,0.00095,0.07891
ilaborletti,0.01092,0.00595,0.25134
DavidErmini1,0.00987,0.01421,0.22747
claudio7373,0.00606,0.00109,0.13914
IsoldiFranco,0.00522,0.00038,0.1199
Mosquitas77,0.00959,0.01006,0.2824
marcobassini,0.01258,0.00067,0.28895
jacopogiliberto,0.00649,0.00731,0.1491
donnadimezzo,0.01246,0.01401,0.28699
marcoallen_,0,0.00001,0.00024
1giornodapecora,0.01588,0.03413,0.36455
IleP,0.00738,0.00851,0.17272
sstefani64,0.00442,0.0003,0.10201
DogeMocenigo,0.00106,0.00029,0.02579
ferroliroby,0.00218,0.00025,0.0508
mirto92,0.00927,0.00021,0.21334
CdGherardesca,0.00321,0.01914,0.07374
ritagargiulo63,0.00394,0.0008,0.09059
valeriobrl,0.0012,0.00055,0.02849
moontony,0.00524,0.00007,0.1204
robby_ro,0.00705,0.00146,0.16216
l_borrelli,0.00511,0.00011,0.11743
pdabruzzo,0.00766,0.00294,0.18048
guggamba,0.00336,0.0007,0.07756
ArnaldoPetrucci,0.005,0.00007,0.11517
SottoLaMole,0.00529,0.0004,0.12423
fnicodemo,0.02027,0.04276,0.501
collecasati,0.00279,0.00105,0.06409
gigicimanchi,0.00438,0.00058,0.10061
innovatoriumbri,0.00713,0.00083,0.16389
EliaTorrisi,0.01076,0.00193,0.24718
pamela_orr,0.01418,0.00589,0.33124
PBisinella,0.00172,0.00188,0.04079
CarlaartCarla,0.00322,0.00038,0.07403
gimo1955,0.01037,0.00122,0.24173
DimitriTinti,0.00964,0.00115,0.2218
david_sarra,0.01171,0.00007,0.26942
MarioPolese,0.00621,0.0028,0.14373
marinaterragni,0.00207,0.00358,0.04961
AndreaMarcucci,0.01111,0.02371,0.26028
EmanueleCagnes,0.00559,0.00092,0.13184
mpasqualini2,0.00131,0.00104,0.03012
anto4261,0.0012,0.00024,0.03118
ErikBurckhardt,0.0131,0.0018,0.30089
fantastilandia,0.00153,0.00002,0.04104
RobertoLocate14,0,0.0001,0.00072
griecogiovanni1,0.00098,0.00033,0.02248
Lux_Cipolletta,0.01726,0.00376,0.40274
sissi010258,0.00079,0.00007,0.01835
Cheru65,0.00417,0.00135,0.09586
moicano68,0.00215,0.00217,0.05139
GaetanoOrtolano,0.00375,0.0002,0.0943
mariarosariacio,0.00573,0.00374,0.13518
thecervs,0.0075,0.00094,0.17245
rlaporta2010,0.00017,0.00035,0.00551
GeranioAnna,0.0047,0.0002,0.10807
Pontix19Claudio,0.00485,0.0008,0.11244
EtaBetaRadio1,0.00348,0.00112,0.08012
roberta_marone,0.00422,0.00033,0.09858
rioser82,0,0.0001,0.00024
FedericaBidiVal,0.01157,0.00028,0.32898
RalloMatteoAR,0.00487,0.00004,0.11198
christian_ITA_,0.00474,0.00017,0.10886
ACHILLEMARATI,0,0.00002,0.0004
Alessan93449691,0.00079,0.0003,0.04504
bidimensionale,0,0.00017,0.00017
CarmelaGaglian1,0.00145,0.00002,0.03998
SenVincenzo,0.01212,0.00757,0.29545
LapoCalissi,0.00708,0.0036,0.16271
LeylaMonanni81,0.0092,0.00122,0.2116
Smacchi_Andrea,0.0053,0.00055,0.12186
Romantico59,0.00111,0.00014,0.0256
kiaralombardi,0,0.00023,0.00083
MaurizioCulicc1,0.01181,0.00231,0.29683
denardimax,0.00124,0.00037,0.02859
PadovanicNicola,0.00185,0.00029,0.04475
RBallabeni,0.0033,0.00039,0.07643
1966Fantozzi,0.0019,0.00139,0.06155
SenatoriPD,0.00632,0.04008,0.21502
CarloF0554ti,0.00314,0.00096,0.0742
enzocarnazza,0.01332,0.00562,0.30594
LeonelliG,0.00754,0.00313,0.17334
galvertalain,0.00161,0.00007,0.03705
ivys83,0.00379,0.00024,0.0873
jerrynorman34,0.0109,0.00108,0.25122
arjuna56,0.00758,0.00031,0.1746
PintoVita,0.00204,0.00043,0.04744
LuciaTassan,0.00059,0.00836,0.01532
maxbax33,0.00537,0.00132,0.12751
CarloMontanari,0.00162,0.00014,0.0472
vinima77,0.01483,0.00145,0.34059
ennebert,0.00363,0.00077,0.08328
sardikus,0.00193,0.00099,0.04792
straniero1946,0.0111,0.00186,0.26313
MNRuggiero,0.00087,0.00021,0.02458
chiara_dipa,0.00413,0.0001,0.09699
fulviocentoz,0.01118,0.00128,0.25724
MatteoRichetti,0.00363,0.03397,0.08356
NenciniPsi,0.0041,0.00896,0.09453
mapicar,0.00084,0.00003,0.0192
sergio_troise,0,0.00005,0
giovannalala3,0,0.00001,0.00311
returnofthema13,0.00092,0.00099,0.02882
ciro_delsorbo,0.01563,0.00169,0.35906
giosephstop,0.00699,0.00339,0.16235
SimonellaD,0.00628,0.00221,0.15069
pdumbria,0.00352,0.00222,0.08104
FaenzaperRenzi,0.01199,0.0006,0.2779
CanciAbo,0.00934,0.00475,0.21513
RafBigCat,0.00114,0.00239,0.02669
RenatoTubere,0.00738,0.00036,0.1716
squirry,0.00073,0.00009,0.01716
Giomatr,0.0069,0.00002,0.15857
RosaMDiGiorgi,0.00803,0.00767,0.18439
NCD_tweet,0.00404,0.01243,0.09588
ciresini,0,0,0.00348
ninidevito1,0,0.00001,0.00012
MMastrantuono,0.00335,0.00092,0.08608
maicuntent,0.00056,0.00039,0.01287
asagge,0.01136,0.00583,0.26112
annalisapanello,0.00257,0.00085,0.06567
uscito,0.00498,0.00146,0.11966
d_daddeo,0.00517,0.00013,0.11913
Vota_Si_,0.0038,0.00134,0.09363
P10paola,0.0037,0.00099,0.08592
herlock_captain,0.00118,0.00046,0.03012
dianacomari,0.00404,0.00307,0.09662
MatteoDome,0.00668,0.00032,0.15408
andrealodovici3,0.00823,0.00316,0.19388
gloriadonati17,0.00119,0.00043,0.06345
stefania2205,0.00336,0.00139,0.07748
MaxCharmed,0.00836,0.00314,0.19367
RuggieroCrudele,0.00088,0.00058,0.022
GregorioCorigl1,0.00233,0.00012,0.05753
megasabgio,0.0169,0.00282,0.39249
Svn_16,0.0058,0.00918,0.13341
MarchesaVonS,0.00508,0.00088,0.11665
57Davide,0.00043,0.00003,0.01367
el_maligno_m,0.0064,0.00081,0.14696
maripetrus,0.00716,0.00003,0.16454
duemme6,0.00537,0.00065,0.12473
GabrielePetrone,0.00501,0.00087,0.11666
Carlo_Mucci_,0.00256,0.00033,0.06064
FlaviaPaoli,0.00433,0.00096,0.10046
caprozz,0.00548,0.00013,0.12613
Nemomnis,0.01,0.00215,0.2299
SaoncellaNews,0.00272,0.00054,0.06447
michebrune1,0.00209,0.00111,0.04869
Robbbbbbbbbi,0.00312,0.00007,0.07161
daniedario,0.0103,0.00245,0.23667
fforzano,0.01544,0.00432,0.35715
romanilor,0.00112,0.0011,0.02804
LaVenittelli,0.00486,0.00253,0.1124
Idonei_Fantasma,0.00124,0.00002,0.03078
Monica_torino,0.00813,0.00141,0.19273
pguarnieri7,0.00281,0.00006,0.06456
PaolaMecali,0.00421,0.00109,0.09768
mifio16,0.00883,0.00409,0.22792
Gabburger,0.01445,0.00204,0.33366
Mario34mg,0.01133,0.00069,0.26048
Annamariacarmen,0.00058,0.00011,0.01646
AS3691,0.02619,0.00809,0.60135
sud_delmondo,0.00745,0.00183,0.1743
PaoloIvanoCucce,0.00391,0.00065,0.09316
andreaferrari70,0.00868,0.00029,0.19922
enricolanza,0.00124,0.00028,0.04782
bragagnimaurizi,0.00128,0.00007,0.05134
FranceRomeo,0.00235,0.00086,0.05493
Marco_Casellato,0.00429,0.01085,0.10094
pdsicilia,0.00248,0.00196,0.06055
pps62,0.00215,0.00008,0.04944
jungle1970,0.00013,0.00091,0.0046
GiorgioPerugia,0.00851,0.00106,0.20042
cccricri,0.01401,0.00237,0.32848
GiulioVerro,0.01866,0.00111,0.42961
francocoach,0.00039,0.00019,0.00985
antoninoporpigl,0.00109,0.00012,0.02566
MarcoCampagna8,0.01309,0.00167,0.30663
matiaspiazza,0.01537,0.00043,0.35361
hfurms,0.00814,0.00122,0.18746
GloBackita,0.00948,0.00132,0.22662
giunga92,0.00177,0.00006,0.04474
danielopoli,0.00209,0.00038,0.04922
lorenzabo,0.01237,0.01413,0.28964
accendino1111,0.01418,0.00115,0.32564
fpicciaiola,0.00167,0.00004,0.03826
GennaStefano,0.01401,0.00285,0.32494
Giancar36923409,0.00299,0.0004,0.06998
TamburiTIP,0.00131,0.00081,0.03054
FabioAppetiti,0.00425,0.00035,0.09863
Casti_F,0.0043,0.00464,0.09901
ottagiann,0.00024,0.00007,0.00681
giorgiomari16,0.00463,0.0003,0.10649
a_elle,0.00687,0.00188,0.15859
ilgustofilo,0.00144,0.00004,0.03396
simona_campo,0.01253,0.00086,0.29506
ZilloAnto,0.00066,0.00016,0.01664
paladoc69,0.00196,0.00113,0.0501
CltOff,0.00774,0.00233,0.1779
mazzettam,0.00313,0.00939,0.07321
angelino411,0.00738,0.00005,0.16983
lanciamoreno,0.00085,0.00009,0.02019
lucianasavarese,0.0067,0.00051,0.15464
serfior,0.01063,0.00008,0.24492
ilnesi,0.01053,0.00141,0.24451
jurimarini,0.00938,0.00366,0.21695
FregoneseAndrea,0.00782,0.00091,0.18027
erealacci,0.02079,0.02321,0.48111
AlessandroLoPr3,0.00893,0.0009,0.21221
DariaInVersilia,0.00366,0.00041,0.08404
Castaway_,0.00481,0.00204,0.11077
donnadeipegni,0.00602,0.00079,0.14039
GaetanoDiPalo,0.00401,0.00131,0.09253
Edoenonsolo,0.00679,0.00063,0.15601
sarabattaglia_7,0.00757,0.00901,0.17489
PasqualeMarongi,0.00391,0.00014,0.08981
GianluSaccomani,0.01293,0.00368,0.29692
stefania_pelleg,0.00881,0.00013,0.20387
Ealloraditelo,0.0038,0.00462,0.08842
APretolani,0.00132,0.00008,0.03074
fedquattrocchi,0.0199,0.0053,0.45699
FabriziaGiulian,0.00541,0.00739,0.12416
riccimeri,0.00489,0.00195,0.11567
ElisaTognietti,0.00428,0.00177,0.11211
ally_cu,0.00629,0.00037,0.14983
scarrubba7767,0,0.00007,0.00006
arabatur1,0.00887,0.00259,0.20378
FrancescoRapone,0.00034,0.00052,0.00882
grandemax60,0.00138,0.00016,0.03825
f_ronchetti,0.00444,0.00167,0.10262
MeglioUnSi,0.00339,0.00138,0.07953
avvocatiNORDEST,0.00084,0.00002,0.01925
AntoDiMario,0.01494,0.00733,0.35127
VillaIsolina,0.00223,0.00035,0.05163
boccadutri,0.00635,0.01695,0.15059
adesso_sud,0.00323,0.00019,0.07413
poli13137517,0,0.00001,0.02222
crasicap,0.00303,0.00052,0.07198
cdhanto,0.0032,0.00008,0.07353
alesweetshadow,0.00372,0.00029,0.08574
anninamarion,0.00316,0.00053,0.07345
MassimoDeMeo,0.00187,0.00133,0.0444
greenmoonjoy,0.00051,0.00002,0.01228
ronaldinarina,0.01716,0.00344,0.40631
prof_sen,0.00047,0.0001,0.01314
MicheleSolari70,0.00129,0.00052,0.03016
giannipittella,0.00823,0.03106,0.18895
IsidoroGottardo,0.00711,0.00279,0.16476
Cuccbriw,0.00418,0.00078,0.09625
RRivellini,0.0067,0.00834,0.24338
ale_moretti,0.01354,0.04873,0.3122
LucianoCrolla,0.00857,0.00148,0.19687
silviablu,0.00795,0.00238,0.18326
AnnalisaDIntro1,0.00024,0.00002,0.00657
CREA_Ricerca,0.00516,0.00064,0.11883
batmarco,0.007,0.00048,0.16063
dcgabriele,0.00695,0.00082,0.15968
andrea_visc,0.00058,0.00019,0.01651
magnificosnello,0.0043,0.0021,0.1002
lauratrevisi,0.01292,0.00049,0.29665
FiorenzaTarenzi,0.00982,0.00994,0.22675
amerutigliano,0.00382,0.00024,0.08826
giancarloamodio,0.01388,0.00016,0.31892
LeottaVi,0.00819,0.00053,0.19126
g_grimaldi73,0.00574,0.00048,0.13204
pio_pantusa,0.0049,0.00001,0.11486
pappaterramimmo,0.00401,0.0005,0.0923
TitaBart,0.00961,0.00135,0.22119
EEnricoielasi,0.01257,0.00233,0.28961
giusichiara1,0.00045,0.00003,0.01334
mariomottinelli,0.0003,0.00011,0.00744
RafSabb,0.00169,0.0011,0.03876
Goldstein_84,0.00293,0.00013,0.0682
MarinaCeccarel7,0.00164,0.00001,0.03824
loryhipster57,0.00324,0.00114,0.07945
furbanzio,0.00203,0.00048,0.04682
velluto13,0.00007,0.00019,0.00188
AntonioParisi00,0.00967,0.00349,0.22806
AMorzenti,0.00904,0.00561,0.21057
LAngolodelBazar,0.00173,0.00008,0.04004
Uldericosix,0.00034,0.00003,0.00922
nicoirto,0.00375,0.00215,0.08683
CarloAmenta1,0.00777,0.00191,0.17835
SCViterbo,0.00805,0.00078,0.1861
simoni_elisa,0.01482,0.00725,0.34044
nellomarrazzo,0.00587,0.00037,0.13508
1205fiorella,0.00349,0.00093,0.08013
MichelMauriello,0.00759,0.00018,0.18081
NicolaNbalestra,0.00083,0.00008,0.02038
massimoankor,0.00356,0.00002,0.08358
FrancyP_,0.006,0.00412,0.14473
ornella20211,0.00276,0.00313,0.06408
davidelgaudio,0.00328,0.00207,0.07549
dasar,0.00902,0.00013,0.2126
armfel,0.00822,0.00336,0.18966
RudyBecciolini,0.01217,0.00067,0.27953
GraziaSanta,0.00227,0.00006,0.05208
AFerraioli96,0.00053,0.00012,0.01213
_giovannimanna,0.00337,0.0008,0.07808
MatteoRouge83,0.00086,0.0005,0.01994
BabuskaBabuska,0.0037,0.00048,0.10055
CorinziaMonfort,0.00482,0.00959,0.11079
MariaRosaMaraz3,0.00077,0.00032,0.02396
simonavitelli60,0.01053,0.00477,0.24515
ilucian2,0.00143,0.00005,0.03317
gvchifari,0.00196,0.00032,0.04552
AlessiaMorani,0.02055,0.03075,0.47288
danieleleone77,0.01591,0.00035,0.36547
mariraf,0.00907,0.00657,0.20905
HeinrichTreviri,0.00603,0.0036,0.13855
EliaAuriemma,0.00195,0.00048,0.04477
RobertaFrattin2,0.00223,0.00007,0.05406
giovanna_delfa,0.00147,0.00003,0.03639
DrZio77,0.00166,0.00011,0.0407
monica_bosso,0.00464,0.00019,0.18637
MariottiGiorgio,0.00872,0.00063,0.20044
rkatalano,0.01086,0.00078,0.26003
CarmelaBeninato,0.00178,0.00088,0.0483
GiuTedesco87,0.0038,0.0005,0.08717
coledoni,0.01127,0.00643,0.29452
mariagraziata20,0.00129,0.00007,0.02962
TgrRai,0.00299,0.01337,0.06909
deaperduta,0.00181,0.00002,0.04175
ripofnail,0.00296,0.00046,0.06814
rcelestino2,0.00013,0.00008,0.00318
Disinc_Anto,0,0.00001,0.00132
arzambo,0.01023,0.00059,0.23711
giampodda,0.0009,0.00038,0.03683
PD_community,0.00204,0.00582,0.04896
AssocAReS,0.00919,0.004,0.22193
AndreaHarten,0.0019,0.00029,0.04407
BenedettiMeza,0.00138,0.00001,0.03235
mario_riberi,0.00791,0.00181,0.18224
exmaestra,0.00261,0.00001,0.06152
JTelmont,0.013,0.00443,0.2984
gianaima,0.00778,0.00059,0.18244
frasco77,0.00098,0.00105,0.02819
alebratti,0.00438,0.0061,0.1005
AntonioYomo,0.00144,0.00011,0.03333
PaolaVitaletti,0.01115,0.00317,0.25672
ANTDIL,0.00299,0.00213,0.06891
sbonaccini,0.00451,0.03815,0.10367
SandroBonomi2,0.01069,0.00197,0.24568
zapppa83,0.00394,0.00168,0.09268
enzabrunobossio,0.00961,0.01054,0.22622
umbriasanitaSI,0.01026,0.0016,0.23614
rosario1971ivan,0.00208,0.00019,0.05188
MichelaRoi,0.0125,0.00159,0.28766
StefanoFedele1,0.00872,0.00027,0.20212
pdpiacenza,0.00209,0.00041,0.04922
PandaNoLimits,0,0.0001,0.00174
BLuciarini,0.00019,0.00003,0.00494
AntonellaTrich2,0,0.00011,0.03905
SirioFusani,0.00335,0.00001,0.07815
flavagno,0.00546,0.01542,0.12614
YanezTweetMan,0.0206,0.0041,0.47335
putipo,0.01239,0.00157,0.28456
TommasoAquino,0.00744,0.00023,0.1713
ErPirofila,0.00148,0.00029,0.03399
are_dead,0.00911,0.00222,0.21067
75simonetta,0.00352,0.00122,0.08085
PivessoLuca,0.00172,0.00004,0.04108
tuttixgiachetti,0.00356,0.00543,0.08898
mcapu100,0.00629,0.00113,0.14511
FraRomanelli,0.01663,0.00045,0.38232
ASgrulletti,0.00821,0.00171,0.19099
FlorianoViggian,0.00408,0.00002,0.0941
laurabagnoli,0.01098,0.00753,0.25988
ObserveWithMind,0.00124,0.00035,0.02912
AnnaLeonardi1,0.0115,0.01954,0.27158
GMustacchi,0.00282,0.0005,0.06518
lvitellio,0.0107,0.00073,0.24592
Doctor_Stent,0.00859,0.0002,0.19771
esterbaum,0.00229,0.0004,0.05327
fortezza55,0.00999,0.00114,0.23317
ElisaPinu,0.00421,0.00036,0.09697
mrmcphisto,0.0047,0.00012,0.10839
ritalaura2000,0.00874,0.00153,0.20373
giuseppepetroce,0.00385,0.00006,0.0886
PietroBussolati,0.00576,0.00722,0.1396
AdrianoFrinchi,0.0107,0.00123,0.24635
nmonesi,0.01082,0.00793,0.24868
darcocri,0.00584,0.00039,0.13525
Aletof82,0.00002,0.00005,0.00105
Jezabel84,0.00007,0.00015,0.00548
openetwork_it,0.00467,0.00052,0.1074
g_lamberti,0.00207,0.00046,0.04998
pino_catizone,0.01643,0.00421,0.38754
24emilia,0.00417,0.00318,0.096
mvguasticchi,0.01526,0.00721,0.35066
FrancescoPigno,0.01042,0.00276,0.24049
profugoincasa,0.00453,0.00002,0.10462
AngeloR54671811,0.00122,0.00054,0.02894
francang1950,0.00922,0.0073,0.21382
RobertoSignore7,0.0006,0.00024,0.02899
giuseppesantomo,0.00114,0,0.02699
MatrixCanale5,0.00918,0.01064,0.2113
sacchiflavio,0.00269,0.00009,0.0618
mariellarosati,0.01792,0.00581,0.43724
CRCalcagno,0.00677,0.00246,0.17068
alexa5313,0.00137,0.00056,0.04468
paolocalvano,0.01823,0.009,0.42014
ScrgduS,0.0012,0.00035,0.02763
d209301743954b6,0.00324,0.00068,0.0751
cdugos,0.00071,0.00004,0.01936
c0dd6789363840e,0.00882,0.00012,0.20257
mariagdellav,0.0034,0.00031,0.07816
galimberticr,0.00113,0.00071,0.02614
libertaegualeIT,0.00732,0.00106,0.16806
GeCortese,0.00397,0.00203,0.09523
ARTeSELEZIONE,0.00083,0.00036,0.01912
bendellavedova,0.00372,0.0199,0.08706
niegotiziana,0.00311,0.0002,0.07734
laura_quaglia1,0.00135,0,0.03149
AlessiaFragassi,0.01277,0.00338,0.29412
simorega,0.00373,0.00226,0.0859
Ciampinovotasi,0.00653,0.00201,0.15858
luxbolo,0.00424,0.00012,0.09767
orianamerlo234,0,0.00038,0.00018
RiccardoUrbani3,0.00508,0.00037,0.11917
Aquilante73,0.00446,0.00022,0.10334
protothaca,0.00083,0.00006,0.02821
luisorel,0.01162,0.00775,0.26843
ecodaipalazzi,0.0095,0.00066,0.21845
teresa_vico,0.00078,0.00002,0.01838
ar_cavaliere,0.0031,0.00176,0.07156
paoloigna1,0.00057,0.02441,0.01478
ocagiulietta,0.00421,0.00037,0.09768
ObiOne61,0.00756,0.00074,0.17408
Michelefanesi,0.0044,0.0009,0.10099
antoniopacino12,0.00108,0.00016,0.04795
xstuckwitharry,0.00071,0,0.01806
PillaPaladini,0.01515,0.00746,0.34824
lauracesaretti1,0.01989,0.02196,0.45663
FraLevato,0.00148,0.00124,0.0366
emilioarlotta,0.00187,0.00002,0.04337
DCrognaletti,0.0049,0.0003,0.115
IngFerrara,0.00508,0.00488,0.11955
fradg22,0.01557,0.00143,0.35956
andreacatizone,0.008,0.00219,0.18387
italiachedicesi,0.00528,0.00995,0.12445
susannaricciar1,0.00216,0.00121,0.0498
carloscatozza,0.00714,0.00105,0.16481
emme_roberto,0.00014,0.00004,0.00483
VeronicaT_errei,0.00332,0.00025,0.07636
gioicaro,0.02445,0.00238,0.56255
PsiCaloveto,0.00871,0.00003,0.20083
ELiberati,0.01891,0.00689,0.45868
sergioragone,0.00894,0.01035,0.20726
upsideworld_,0.00447,0.00019,0.10273
GiovanniSestit1,0.00959,0.00036,0.22066
valuskina,0.00392,0.00071,0.08998
martinabar76,0.00063,0.00007,0.01465
NICOLACATAR,0.00771,0.00285,0.17792
JeanMarc1171,0.01017,0.00068,0.28082
molinaro_enrico,0.00197,0.00205,0.05998
An_Coa,0.00534,0.00026,0.12265
morissese,0.00788,0.00351,0.18566
jacbas90,0.00833,0.00123,0.1913
AnnalisaMassar1,0.0072,0.00154,0.16527
grullobeppe,0.01065,0.00086,0.24476
ste78bez,0.00179,0.00112,0.04145
mzavarone,0.00472,0.00212,0.10906
valiante_s,0.00768,0.00689,0.17704
nino_lopresti,0.00691,0.00197,0.1613
NicolettaFavero,0.0102,0.00538,0.23687
FaustoDeMaria,0.01568,0.0047,0.36098
FranceManto64,0.01341,0.00293,0.31448
Tomas1374,0.00676,0.00083,0.15596
_lucaromano_,0.01172,0.00125,0.26933
realgdm,0,0.00014,0.00102
osv_tosti,0.00716,0.003,0.1656
cuochincasa,0.00205,0.00002,0.04756
natipanchie,0.00206,0.00068,0.04745
Isamirti27,0.00184,0.00013,0.04287
arde75,0.00566,0.00314,0.13468
insiemeadonzel,0.00632,0.00161,0.14639
ilaria_desantis,0.00129,0.00106,0.03114
OsservatorioLor,0.0017,0.00002,0.0395
JonnyLassa17,0.00307,0.00014,0.07089
continifra,0.01124,0.00055,0.25815
AndreaM_Zerbini,0.00181,0.00004,0.04477
lilla_trilly,0.00101,0.0001,0.03424
gabygermino,0.00173,0.00006,0.04115
giovannigostoli,0.0082,0.00244,0.19295
thiswas_,0.01469,0.00542,0.33724
cirobuonajuto,0.00658,0.00235,0.15132
egimazzon,0.00205,0.00028,0.05092
fraxxx94,0.00163,0.0005,0.04031
RaffaellaPetri,0.00101,0.0004,0.02338
giuseppec78,0.0112,0.0009,0.25718
CagliariSi,0.00468,0.00107,0.11365
mparisi68,0.00995,0.00444,0.22894
LuigiCostanzoIT,0.00933,0.00034,0.21508
LudoCFerrari,0.00186,0.00078,0.0428
saberrasc,0.00856,0.00306,0.20599
FrancescaFtl,0.0007,0.00009,0.01625
falcoprimo66,0.00213,0.00028,0.04885
matteorenzi,0.00671,0.12701,0.15544
dani0470,0.01343,0.00086,0.30927
GiuseppeCima,0.00616,0.00096,0.14152
ambiente_pd,0.01101,0.00207,0.25607
AForattini,0.00435,0.00043,0.10103
pdmarconiroma,0.00192,0.00142,0.04448
McGadda,0.00723,0.00849,0.16654
davide_vetere,0,0.00001,0.00144
sandrafurnari3,0.00473,0.00067,0.10881
pdcampania,0.00936,0.00712,0.24384
domenicascanca1,0.00049,0.00022,0.01918
simocalabrese1,0.00013,0.00003,0.00547
marcestruzzo,0.0123,0.00167,0.28288
mursino71,0.00055,0.0003,0.03997
chiocchetti_mau,0.01525,0.00388,0.35245
franzfume,0.00261,0.00014,0.06003
Viky66jane,0.00172,0.00068,0.04283
Ch12Mc,0.00053,0.00001,0.01234
uraniasole,0.00001,0.0003,0.00122
comitatoart26,0.00747,0.01477,0.17163
RobyGuarino,0.00361,0.00016,0.08451
salva__tore,0.00139,0.00002,0.03322
patriziaparide,0.00015,0.00009,0.01562
AnnaKm1985,0.00227,0.00047,0.05432
leograd,0.01733,0.00068,0.39824
Claudette_84,0.00177,0.00069,0.05539
GiadaFazzalari,0.01747,0.00688,0.4012
RipperReview,0.00151,0.00032,0.03464
MikyPaola,0.00315,0.00047,0.07629
PDLiguria,0.00633,0.00235,0.1488
democratici,0.00039,0.00056,0.00899
edda06061979,0.00017,0,0.02864
Regina84Claudia,0.00096,0.00009,0.04063
Sanna43Sanna,0.00987,0.00248,0.23293
clabucar,0,0.0001,0.00006
Reset_Italia,0.00802,0.00742,0.18449
DaniSbrollini,0.01141,0.00801,0.262
fabiopetrocelli,0.00086,0.00066,0.02093
denis_derivo,0.00277,0.0008,0.06564
eliana251179,0,0.00012,0.00065
Marxtrixx,0.00346,0.00128,0.08024
morzentistefano,0.00385,0.00379,0.08944
Matteo_LT,0.00641,0.00064,0.14767
DiegoDeLucaTwit,0.00336,0.00122,0.07715
LauraPuppato,0.01345,0.04034,0.31146
Curioso501,0.0033,0.00007,0.07626
mauriziomauri89,0.00081,0.00106,0.0251
AndreaCerase,0.00703,0.00654,0.16207
glopizzo,0.00394,0.00105,0.09303
Ienapiangens,0.0065,0.00309,0.15057
silvia_burtone,0.00086,0.00003,0.02056
frapuzzu,0.00615,0.00062,0.14322
gselvaggia,0.00453,0.00357,0.10438
Teresa67514791,0.00068,0.00011,0.03235
VGentilomo,0.00759,0.00175,0.18684
AcquaPuglia,0.00299,0.00076,0.07513
MelantoP,0.01125,0.00078,0.25856
MarioAlvermann,0.00319,0.0004,0.07362
giampaolorampo2,0.00323,0.00007,0.07415
benalt66,0.00294,0.00001,0.06778
teresa67441986,0.00707,0.00014,0.16375
frondolino,0.007,0.03534,0.16151
sale635,0.00583,0.00045,0.13397
antnll_24,0.00451,0.00035,0.10423
MencacciAndrea,0.00045,0.00004,0.01975
DerricoPia,0.00116,0.00033,0.02684
mariaireneali,0.00235,0.00397,0.05434
maggtn,0.00376,0.00014,0.088
thequeenthree,0.00074,0.0006,0.01714
sabrimondini,0.00823,0.00123,0.18961
cristinamontag,0.01124,0.00066,0.25851
LucianoSiri68,0.00185,0.00017,0.04321
Insidelucart,0.00575,0.00014,0.13351
AlbaniniP,0.00071,0.00008,0.01679
lucasoldini_93,0.0018,0.00143,0.04291
zeroduePD,0.00831,0.00185,0.19109
Sandranino1977,0.0001,0.00027,0.03319
Tramanera,0.00418,0.00282,0.09623
WhitesPhD,0.00085,0.00004,0.01971
imolasceglie,0.001,0.00087,0.02486
ALBERTINIGabry,0.00959,0.00458,0.22024
calicetig,0.00536,0.00055,0.12334
scelfo,0.00959,0.00132,0.22024
webnauta59,0.00952,0.00269,0.22643
farastella21,0.00175,0.00049,0.04104
nunziarusso4,0.0131,0.00631,0.30534
silvermelluso,0.00765,0.00287,0.22321
anto_d_63,0.00328,0.00113,0.07692
Deputatipd,0.01282,0.04783,0.35337
TheAdviceStaff,0.01182,0.00024,0.2719
fortunatolino,0.01093,0.01316,0.2834
CarloOlb,0.00315,0.00044,0.07279
Vannini2016,0.00385,0.00048,0.09222
franchino46,0.00496,0.00005,0.1141
PD_ROMA,0.00523,0.01277,0.12423
ThePecana,0.00058,0.00001,0.01413
_marlene1265,0.01527,0.00103,0.35074
Marzia_new,0.00834,0.00262,0.19162
Ermelindalobue,0.00024,0.00013,0.00569
NOVLTeNOGRATTIN,0.00184,0.00027,0.04437
ernestocarbone,0.01515,0.0268,0.34872
ele_missus,0.00551,0.00103,0.12724
PDGrottaglie,0.00247,0.00085,0.05945
MaryEllenBoschi,0,0.00034,0.00012
ferrucciogaspar,0.00899,0.00065,0.20665
elisa_eliea,0.00044,0.00014,0.01082
Lorenzo_Ruff,0.01198,0.0002,0.27536
Lo_Scoglionato,0.00281,0.00011,0.06909
matteo_delve83,0.01302,0.00281,0.29897
tildeblonde,0.01829,0.01501,0.42954
LioneLeonardo,0.00441,0.00074,0.10226
StopTTIP_Albano,0.00274,0.00024,0.06331
matteoricci,0.01766,0.02238,0.4239
GiovaniFimCisl,0.00572,0.00121,0.13148
Groovy57,0.00246,0.00002,0.05714
AlvaroschAlvaro,0.0093,0.0034,0.21433
MaraB710413,0.00111,0.0005,0.03076
AlbertoZacheo,0.00277,0.00017,0.06423
micheciancia,0.00374,0.00003,0.08591
SperanzaLucilla,0.00377,0.00046,0.08768
Ottaviasoncini,0.00716,0.00627,0.16588
irenelasagna,0.00213,0.00005,0.05015
silvio966,0.00758,0.00054,0.17429
MircoLacchini,0.00256,0.00009,0.05944
EspositoFilippo,0.00399,0.00615,0.10712
angelo_menel,0.01617,0.00209,0.3716
r_tomaiuolo,0.00386,0.00005,0.08906
michelemalfatti,0.00087,0.00101,0.02048
sardum,0.00121,0.00063,0.02951
AlessRabiti,0.00179,0.00014,0.0566
mariobeccarelli,0.00292,0.00335,0.06707
romanoduccio,0.0035,0.00006,0.08059
enzo_salanitri,0.00622,0.00166,0.14323
frensy_f,0.00571,0.00115,0.13109
GiovannelliIris,0.00239,0.00012,0.05493
annamariasimeon,0.00071,0.00057,0.01679
umanesimo,0.00115,0.00139,0.02656
MammaNunmat64,0.0041,0.00139,0.09463
RobertoMattiaz1,0.00515,0.00057,0.11927
Chiappuz,0.00652,0.00194,0.15006
giotoni,0.01055,0.01557,0.24357
FrancoGemoli,0.00472,0.00014,0.1101
magnigiancarlo1,0.00331,0.00133,0.08776
Nunzio80097677,0.00003,0.00006,0.00121
pierpalmariggi,0.0116,0.00055,0.2668
nocciolone,0.00297,0.00041,0.07208
darietto92,0.00981,0.00081,0.22547
MarioLogrieco,0.00824,0.00077,0.20779
isamiccoli52,0.00731,0.00026,0.16798
LombardiSilvia,0,0.00001,0.00528
gaiaitaliacom,0.00183,0.00243,0.04394
Arcangelo_UIL,0.00364,0.00003,0.08439
luisagabbi,0.01207,0.00405,0.28478
emanuelefiano,0.00872,0.04469,0.20031
cugusi1952,0.01037,0.00112,0.23975
paternodilucani,0.00768,0.00044,0.17735
MimmoBaeli,0.00494,0.00005,0.11397
lustemax,0.00427,0.001,0.09853
latoscanadicesi,0.00052,0.00105,0.0134
enzo_64fusco,0.00099,0.00001,0.02304
m_enomis,0.0048,0.00341,0.11275
firenzedicesi,0.00321,0.00158,0.08292
flavio78,0.0065,0.00559,0.15558
Paoloakita,0.00959,0.00087,0.2206
annamaria_ff,0.00379,0.00093,0.09116
GenerazioneSiTo,0.00137,0.00103,0.05611
giovannicentore,0.00906,0.00201,0.20894
CanonF1,0.00104,0.00033,0.02444
marcobonfico,0.01311,0.00064,0.30186
murgiar,0.00481,0.00157,0.11059
MBorcio,0.00387,0.00111,0.08958
OCunlimited,0.00034,0.00035,0.00908
MaridaMonaco,0.00328,0.00063,0.07902
ederoclite,0.01936,0.01591,0.44477
giuseppinanico8,0.00068,0.00002,0.0287
RobertoReggi,0.00881,0.01493,0.20214
Morison59,0.00441,0.00004,0.10283
AlessandroRuina,0.00499,0.00125,0.11699
cranci,0.00346,0.00013,0.08177
marcoregni,0.01445,0.00858,0.33384
pinomuscost,0.00053,0.00009,0.01317
sghi29,0.00297,0.00176,0.06916
trasanni,0.00008,0.00029,0.00365
mikymor81,0.00206,0.00024,0.0478
cdlmarcello,0.00639,0.00061,0.14758
ContiAlessio,0.00749,0.00129,0.17709
repubblicait,0.00104,0.11881,0.02384
pierluigi56,0.0057,0.00014,0.13105
MarchesiMattia,0.01432,0.00128,0.32966
jeproma,0.00334,0.0008,0.07742
sebastianolarus,0.01362,0.00204,0.31449
angealfa,0.006,0.06786,0.13848
Spicug,0.00783,0.00028,0.18464
manulagrassa,0.00023,0.00003,0.00564
LiliCastellini_,0.00983,0.00043,0.22736
NunziellaU,0.00064,0.0001,0.01541
esapelucco,0.00568,0.00224,0.13478
renzieakasa,0.00284,0.00167,0.0675
PatriceinMilano,0.00396,0.04586,0.09093
lagritti67,0.00676,0.00056,0.15593
RitaVisinoni,0.00445,0.00041,0.10293
MassySessa31,0.00543,0.00025,0.12496
samualebutti,0.01932,0.00294,0.44433
ItaliaMillennio,0.01301,0.00018,0.30171
minervazena16,0.00369,0.00015,0.08548
elvise1657,0.01181,0.00246,0.27258
Fare_Firenze,0.00219,0.0001,0.0506
CiroCarriero,0.00923,0.00021,0.2135
giocar_nu,0.00065,0.00004,0.01503
InsdataInter,0.00205,0.00007,0.04786
ApSenato,0.00821,0.001,0.18844
AndreaMatyellow,0.00217,0.00054,0.05191
marcoliviaroma,0.00565,0.00031,0.12979
contu_f,0.00357,0.00094,0.11809
correntere,0.0149,0.00819,0.34411
federicig,0.01593,0.00124,0.36575
alvariis,0.01056,0.00252,0.2426
Colter_Krusciov,0.00032,0.00017,0.00749
BinaryOptionEU,0.00503,0.00072,0.11553
mauriziosantin,0.01082,0.00257,0.29396
galante_marina,0.00965,0.00007,0.22199
Daniela80150049,0.00362,0.00018,0.08451
MaurizioSeri1,0.00097,0.00025,0.02521
mazzarellantoni,0.01729,0.00323,0.39798
andrealoca77,0.00742,0.00074,0.1938
anichini781,0.00428,0.00014,0.09877
CrisGnesutta,0.0129,0.00041,0.30388
mauriziodimajo,0.00188,0.00001,0.04941
nzingaretti,0.01195,0.06223,0.27471
CasaSiPiemonte,0.00117,0.00034,0.06157
1974Anto,0.00288,0.00185,0.0662
stemar9288,0.01266,0.00224,0.30893
maddai_,0.01475,0.0104,0.34164
ArgoTone,0.00421,0.00297,0.09821
Hellzapoppin80,0.01289,0.00723,0.35151
LiukGrieco,0.00331,0.00156,0.0775
titti_disalvo,0.01189,0.01605,0.27421
alfmaz76,0.00056,0.00039,0.01302
szampa56,0.00792,0.01796,0.18516
RosaClarice80,0.0045,0.00095,0.10414
Mr_Torax,0.00428,0.00038,0.09891
thebrightside0,0.00232,0.00339,0.05447
albertocencetti,0.00287,0.00068,0.06705
DarioNardella,0.00866,0.02627,0.20214
giorgiosalvia,0.00254,0.00048,0.05839
A_Stillavato,0.00329,0.00028,0.07554
TarantoSi,0.00406,0.00089,0.09324
Yattaran,0.00069,0.00045,0.01732
caterina1510,0.00128,0.00003,0.03439
giovanna_dt,0.00834,0.00481,0.22309
antomal62,0.00004,0.00026,0.00126
CarlaTrudu,0.01199,0.00244,0.28364
sherpa60,0.00205,0.00015,0.04729
FrancescoBonif1,0.00555,0.02002,0.1297
corgen65,0.00293,0.00037,0.06745
MPingerna,0.01321,0.00236,0.32224
paoloscibetta1,0.00681,0.00038,0.15719
Agricolae1,0.00149,0.00281,0.03422
RoyBerardi,0.00585,0.00043,0.13552
figliodeifiori,0.01044,0.00048,0.24245
AnnaBCX,0.00327,0.00091,0.08636
Meta_Tsouth,0.00273,0.00005,0.0628
BrancaFrancesc1,0.01035,0.00049,0.23814
m_giuffrida,0.01408,0.00568,0.32458
LuigiBrugnaro,0.00667,0.0062,0.15379
catepol,0.00491,0.00936,0.11452
ariete8aprile,0.01015,0.00112,0.23784
rob79rm,0.00164,0.0005,0.07154
maurizio_staff,0.0122,0.00164,0.2812
stefaniapezzopa,0.0116,0.01795,0.29524
VivoliDonatella,0.00578,0.00089,0.14313
GenerazioneSi,0.0075,0.00229,0.18247
GiampaoloScopa,0.00584,0.00515,0.14274
chantal_mirella,0.00001,0.00014,0.0031
SatirSfaction,0.0089,0.00616,0.20619
para_ner_si,0.00114,0.00027,0.02667
rifarelitalia,0.00782,0.00764,0.1803
sandropasotti,0.00214,0.00134,0.04962
PsiSenato,0.00956,0.00144,0.2197
soldi_anna,0.00102,0.00012,0.02999
alessiabrunett,0.0103,0.00021,0.23671
AdrianaAmodio,0.00834,0.00102,0.19227
pdcapitanata,0.00851,0.00241,0.19722
marioafrica,0.0055,0.00793,0.12704
fax1974,0.00196,0.00059,0.04559
PaoloOltolina,0.00511,0.00071,0.11755
noisiamoilpd,0.01324,0.0067,0.30798
RLepre,0.00281,0.00036,0.06443
pdmilano7,0.00709,0.00049,0.17799
DanielaDaffin,0.01271,0.00597,0.30916
Andrea84it,0.00386,0.00006,0.09097
GianpieroScanu,0.00369,0.0059,0.08713
gambettino,0.00668,0.00073,0.15714
cmirisola,0.00089,0.0001,0.0209
RiccardoCorio1,0.00078,0.00046,0.01869
marcociarafoni,0.0087,0.00088,0.20021
mar_eth1,0.00082,0.00009,0.01878
gennaromigliore,0.02336,0.02811,0.53639
preciousvliam,0.0013,0.00026,0.03357
StefanoCiuoffo,0.00516,0.0012,0.11881
gdcbari,0.00958,0.00028,0.22158
maurovoerzio,0.00086,0,0.01995
TobyPablo85,0.00108,0.00046,0.02489
edopatriarca,0.00796,0.00415,0.18374
florianademiche,0.00665,0.00262,0.15261
MONICA_ARIOLI,0.00949,0.00024,0.2185
ANMIL_nazionale,0.00901,0.00104,0.2081
manuela_marchi,0.00335,0.00039,0.07694
leovitoantonio1,0.0032,0.00009,0.07342
SnodiEU,0.00767,0.00032,0.17647
stefanodelisio,0.00019,0.00031,0.05265
Iron107811791,0.00244,0.00008,0.05593
Araett,0.00676,0.00123,0.1553
fra95it,0.0079,0.00106,0.21716
SileoLucia,0.0133,0.00213,0.30799
dollyh4ze,0,0,0.00114
pinomellone,0.00887,0.00127,0.2091
68e6cb0bac504ec,0.00079,0.00004,0.01844
amalianita,0.00028,0.00005,0.02515
cristiana_viola,0.01384,0.0044,0.32986
annapaolaconcia,0.01688,0.04097,0.38825
marco21967,0.00259,0.00023,0.06164
renato_gangemi,0.00314,0.00027,0.07244
velo_di_maia,0.00221,0.0004,0.05079
gianlucagdc,0.00735,0.00027,0.16872
lucacusimano2,0.00535,0.0001,0.12295
l_patrizia,0.00708,0.00966,0.16298
flexinexit,0.00123,0.00218,0.02869
GaetanoCiscato,0.00122,0.00011,0.0338
JacopoVannucchi,0.00665,0.00041,0.15264
Frances8030660,0.00099,0.00009,0.027
pierapis,0.00654,0.00102,0.16079
roderiu,0.0174,0.0035,0.39969
antoniobucellar,0.01339,0.00058,0.30772
Pucci_mg,0.0005,0.0003,0.02735
ClaudioVetica,0.0115,0.00157,0.26422
alegaro11,0.00217,0.00003,0.05105
ggarzen,0.00235,0.00007,0.05405
stefanorusso60,0.00363,0.00017,0.08369
GF_Ginelli,0.00355,0.00014,0.0815
Anto6798,0.00545,0.00068,0.12712
Cighi,0.00667,0.00067,0.15363
daniela10492,0.00059,0.00001,0.01662
PeppeMorelli83,0.0139,0.00128,0.31934
davidefaraone,0.00649,0.03247,0.15056
fpinca15,0,0.00043,0.00013
MassiMessi78,0.00071,0.00016,0.01661
Simcor51,0.00205,0.00021,0.04695
VeroCatania,0.00734,0.00155,0.16926
StefanoCeccanti,0.01174,0.02865,0.27621
70giovanni,0.00898,0.00144,0.21211
PD_Lentate,0.00345,0.00187,0.09777
CarloStagnaro,0.01219,0.0195,0.28184
giuseppe_March,0.00167,0.00019,0.04028
marcodonats,0.0102,0.00534,0.23505
Casaqaz,0.00242,0.00021,0.05589
Alberto4ucci,0.00061,0.00058,0.01495
megamike0360,0.00181,0.00016,0.04167
salazartieri,0.00259,0.00014,0.06169
RistoriDuccio,0.00607,0.00018,0.16251
prof_artis,0.0003,0.00013,0.0092
GloriaBracchi,0.00281,0.00085,0.07049
sandrogozi,0.01151,0.02956,0.27123
bonhomme69,0.00587,0.00284,0.13577
PatriziaPeda,0.00203,0.00016,0.05456
massimoricciut,0.00846,0.00333,0.19697
vrwestperrenzi,0.01568,0.0038,0.36575
wirko94,0.00774,0.01196,0.18195
SoyLuisiana,0.00099,0.00003,0.0239
AndreaOrlandosp,0.00524,0.04885,0.12068
Cortez1958,0.00967,0.00632,0.22936
25091264,0.00093,0.00065,0.02212
franzfleck,0.00759,0.00062,0.17447
bisquittieri,0.01227,0.00299,0.28247
paoloalli,0.00251,0.00448,0.06132
LindaPci,0.00053,0.00108,0.01376
michelalopiano5,0.00003,0.00005,0.01099
Maila1974,0.00483,0.00043,0.11363
Mattialei,0.00532,0.00079,0.12221
SenatoreF,0.00014,0.00009,0.00509
dpetrolo,0.01168,0.0022,0.26878
matteot483,0.003,0.0009,0.07273
AngelaVillani9,0,0.00016,0.00027
GiuliaPaolucci,0.00083,0.00017,0.01932
nerodiseppia56,0.01566,0.00047,0.36261
Stephnoia,0.00566,0.00025,0.12989
zerofanzine2,0.0008,0.00117,0.01845
MaDesanctis,0.00275,0.00081,0.0638
GiampaoloGalli,0.01743,0.02141,0.40251
lorenzodalai,0.01403,0.0057,0.32721
polizia_unica,0.00386,0.00022,0.08956
AndreaDisint,0.00951,0.00052,0.21978
angeluccimarian,0.01009,0.00033,0.23322
AngelaMeoni,0.00399,0.00026,0.09185
Tetovaccari,0.01863,0.01272,0.42946
rcociancich,0.01031,0.00896,0.23664
DidoMonica,0.00154,0.00033,0.03574
DalessandroCam,0.00578,0.00097,0.13268
claudia_bionu,0.00177,0.00002,0.05011
aalaimo73,0.00841,0.00026,0.19307
LeoGuerini,0.00137,0.00103,0.05375
SimoneCaricato,0.01285,0.00599,0.29941
ErikaVNicastro,0.00165,0.00001,0.04331
1ettoreb,0.00767,0.00233,0.17948
diegobarberio,0.00249,0.00274,0.06323
ArezzoperRenzi,0.00301,0.00087,0.06957
ilnibbioalto,0.00579,0.00288,0.13475
ClaudiaPagliar5,0,0.00021,0.00395
OriettaG,0.00059,0.00004,0.02175
colaianto,0.00234,0.00167,0.05515
emimatite,0.01144,0.00015,0.26252
ATuttolani,0.0027,0.00002,0.06282
ap_legambiente,0.00498,0.00259,0.11465
68kikka,0.00103,0.00721,0.02439
bastaunsibas,0.00493,0.00102,0.11497
Airchucky,0.00267,0.00004,0.06162
pdvda,0.00573,0.00129,0.15308
EnzoTiberi,0.01944,0.00233,0.44923
scaraurbino,0.01822,0.00119,0.41841
erika_prenner,0.00306,0.00064,0.07195
EnzoSollo,0.00157,0.00007,0.03698
vinc_cas,0.0054,0.00017,0.12428
robesPR1,0.00235,0.00332,0.05583
Adanto4Adelaide,0,0.00011,0.00018
fabriziobarca,0.00222,0.06014,0.05393
petruscaA,0.00282,0.00172,0.06508
ziomau59,0.01078,0.00045,0.24744
barabeke,0.00006,0.005,0.00167
amperinelli,0.01757,0.00137,0.40507
PaginaNuovaTV,0,0.00006,0.00006
AAgrigento,0.00005,0.00035,0.02186
enricaspezie,0.00807,0.00084,0.18538
daniloc229,0.00107,0.00012,0.02559
ilcarriero,0.01142,0.00203,0.26209
ArmandoBeatrice,0.00171,0.00002,0.03963
caracutaf,0.0179,0.00156,0.4127
MaranAlessandro,0.01063,0.01047,0.24422
mc_mcampo12,0.00908,0.00017,0.2088
adamoprogresso,0.00502,0.00071,0.11648
piercamillo,0.01351,0.0097,0.31117
stefaniamassim2,0.00233,0.00021,0.05363
GrifondoroM,0.00109,0.00001,0.02584
IreneMisucci,0.00463,0.00014,0.10647
SorrentClaudia,0.00532,0.00172,0.12667
CagliEdoardo,0.00207,0.00113,0.05808
emmegir,0.00332,0.00016,0.07716
Ale_DiLuzio,0.01026,0.00344,0.23731
MSparpaglione,0.00548,0.00005,0.12724
ernst_agent7,0.00001,0.00006,0.00066
giacomo_lagona,0.01265,0.00106,0.29055
PMO_W,0.01177,0.01131,0.27155
VirginiaInverni,0.00835,0.00188,0.19198
Pallepanzane,0,0.00014,0.00272
ValeMercanti,0.00846,0.00092,0.19474
antonancy58,0.00007,0.00004,0.00331
annamariaora,0.00097,0.00029,0.02605
m__benny,0.00504,0.00016,0.1158
pietrodore69,0.00298,0.00556,0.06847
GiammarioDiB,0.01109,0.00122,0.25472
nonstop9981,0.00388,0.00228,0.09206
themaxy7,0.00057,0.00012,0.01434
pasquino2000,0.00908,0.00847,0.20868
fremebonda,0.00097,0.00345,0.02225
sayaddhina,0.00318,0.00015,0.07352
gianlucantz,0.00189,0.00001,0.04349
luciavalente_tw,0.00685,0.00171,0.15746
Plinuz,0.00643,0.00377,0.14755
eleofabbroni,0.00543,0.0004,0.12544
eizaghi,0.00226,0.00037,0.0519
leopoldanotizie,0.00316,0.00086,0.07269
Francesco_Morra,0,0.00031,0.00059
Giudaska,0.00242,0.00057,0.05552
ElioTuris,0.00282,0.00032,0.07068
ilciapo,0.00169,0.00006,0.03892
narbon,0.00322,0.00003,0.07398
serracchiani,0.00601,0.06555,0.14237
Andrschr666,0.00761,0.00023,0.1749
elisa_776,0.00001,0.00014,0.00499
atlantide_Chris,0.01151,0.00178,0.27233
PieraBelfanti,0.00167,0.00012,0.04242
DuccioManetti,0.0016,0.00007,0.03696
TeresaBellanova,0.00786,0.01377,0.18622
fracag87,0.00578,0.00122,0.13345
AMTomarchio,0.00212,0.00063,0.11086
e_tirino,0.00001,0.00001,0.00042
cozzolino62,0.00836,0.00861,0.19189
raffaele161965,0.00068,0.00019,0.01729
paoolo706,0.00032,0.00045,0.01464
MonicaLuisi,0.00623,0.00234,0.14721
buonstef76,0.00326,0.00007,0.07533
FScalmati,0.00008,0.00186,0.00915
Jenfakoko,0.00791,0.0004,0.26608
Katrinee1,0.00312,0.00043,0.07182
loryianni,0.00197,0.00071,0.04548
albar_aldo,0.00008,0.00015,0.00324
Mariaritaleoni,0.00516,0.0001,0.12176
Luca_Arcari88,0.00129,0.00004,0.03147
falcho61,0.00109,0.00025,0.02537
CircoloPDPoa,0.01017,0.00231,0.24099
f_rubiconto,0.00667,0.0001,0.16343
CarigliaMichele,0.00002,0.00007,0.00069
sergiorusso1986,0.00205,0.00024,0.0475
SBarbanti,0.00198,0.00983,0.04557
El_Nanos,0.00429,0.00209,0.10849
mate2411,0.00606,0.0032,0.14123
stefaninilucia1,0.00149,0.00024,0.03516
AGRAPRESS,0.00455,0.00266,0.10456
GennyDeTommaso,0.00122,0.00002,0.02811
anninavigneto,0.00035,0.00011,0.00815
Bastaunsilugo,0.0014,0.00293,0.03389
simonettatomass,0.00892,0.00276,0.20626
VittorioBotti,0.00528,0.00127,0.12134
nunziaped,0.00342,0.00085,0.07859
MarioDallasta,0.00243,0.00045,0.05625
Vito_DeFilippo,0.00614,0.00368,0.14146
tizianalepore,0.00307,0.00027,0.07988
villaalbe,0.01285,0.00268,0.29585
annalisacianci3,0.0009,0.00066,0.0212
IMorassi,0.00291,0.00081,0.06682
zingaros76,0.0112,0.00349,0.25717
Angela94097772,0,0.0001,0.03008
FrancescoGesua7,0.0111,0.00049,0.25916
c_briguglio,0.00735,0.01567,0.16891
MariFabbri,0.00794,0.00467,0.18351
francalanna,0.01372,0.00101,0.31587
paolocaccamo68,0.02543,0.00215,0.58895
AntonellaTomas1,0.01124,0.00215,0.25839
giampietrogiova,0.00687,0.00222,0.15806
lauruzi,0.00002,0.00038,0.00553
NosapaiD,0.00759,0.00448,0.17447
a_ambrogio,0.00125,0.00019,0.03001
MPAPA090,0.00126,0.00018,0.0332
MariaGrazBonvi1,0.00074,0.00001,0.01994
StivalDaniele,0.00315,0.00069,0.07384
TheLambkin_,0.01041,0.00919,0.26893
Gauro5,0.00372,0.00633,0.09008
marcogaius,0.0127,0.00141,0.29375
parulara,0.00086,0.00007,0.02039
davidebassani,0.00842,0.00227,0.19591
willtruman70,0.00271,0.0004,0.06269
laurascheri,0.00159,0.00032,0.03731
SilviaCostaEU,0.00519,0.00588,0.11965
LiaQuartapelle,0.01448,0.02151,0.33594
GiulianaRando,0.00067,0.00021,0.01866
Paolameno,0.00491,0.00234,0.11368
AlessandraSerr1,0.00603,0.01268,0.13979
carsapio,0.00814,0.00073,0.19055
_pp_tm_,0.00807,0.0015,0.18556
FranceBarba80,0.00691,0.00064,0.15877
CarmineQuercia,0.00662,0.00079,0.15223
sscaramelli,0.00574,0.00187,0.13429
lauraboldrini,0.01591,0.0807,0.36519
CarloMaccio,0.00515,0.00001,0.11902
matcamme,0.00141,0.00051,0.03477
katnip74,0.01248,0.00591,0.28847
fareleuropaxpd,0.00485,0.02221,0.11157
Marco_Espo,0.01159,0.00145,0.26639
sarettarm82,0.00034,0,0.0083
cet_77,0.00667,0.00176,0.15311
ErikaGamberale,0.0073,0.00111,0.16812
froggyfroggy25,0.00701,0.00031,0.16105
MaxSestini,0.00588,0.00041,0.13501
Carl_Giord,0.00094,0.00003,0.02178
giuliaghia3,0.00002,0.00004,0.00052
boccalon1,0.01356,0.00161,0.31198
zappste,0.00303,0.00056,0.07035
ChiccaToscana,0.0077,0.00098,0.17837
marielSiviglia,0.00491,0.00635,0.11326
delpretedavid,0.01521,0.00045,0.34937
falcao_fo,0.00241,0.00054,0.05544
ebolige,0.0019,0.00017,0.04724
LuccaperRenzi,0.00703,0.00164,0.16504
DavidBorzi,0.00383,0.00007,0.09608
Heavyale,0.00283,0.0002,0.06821
mimmomazzei,0.01506,0.01343,0.34652
frabarraco,0.00054,0.00036,0.01323
AndreaChiarotto,0.00366,0.00004,0.08689
AOstrouska,0.00186,0.00028,0.04639
MariaPaolaL72,0.00115,0.00003,0.02694
giuseppeoliva09,0.01146,0.00018,0.26764
VanninoChiti,0.00826,0.00966,0.1898
squopellediluna,0.01161,0.00537,0.26738
straditeresa,0.00923,0.00408,0.23399
cristinafavati,0.00786,0.00562,0.19955
gianpierodalia,0.01334,0.01211,0.30857
BenCharlies,0.01655,0.00063,0.38057
orenove,0.00223,0.00113,0.0548
AntonioPtr,0.0048,0.0005,0.11179
Danilo_Rossetto,0.00402,0.00075,0.09273
gianlucavichi96,0.00296,0.00045,0.06916
CiroSterchele,0.00958,0.00068,0.22133
bettabettanesi,0.00745,0.00505,0.17097
Vpeluffo,0.0057,0.00518,0.13193
lafaremopassare,0.00096,0.00041,0.02231
JoseConsilvio,0.01071,0.0025,0.25502
amparodelmoral1,0.00111,0.00141,0.02548
atecheseilunica,0.01188,0.00063,0.27303
la_sardella,0.00664,0.00105,0.18036
matteocavagnin1,0.01112,0.00033,0.25684
andr900,0.00051,0.00214,0.01218
CarmineFab96,0.00013,0.00028,0.00726
vincenzinopapa,0.00879,0.00013,0.20233
donatobuc,0.00984,0.00999,0.22645
michelepapa,0.00064,0.00001,0.01555
nellyfronterre,0.00086,0.0004,0.02276
andreademaria_,0.00234,0.0097,0.05863
AcorsiniAndrea,0.00298,0.00137,0.06945
PowerBaldax,0.00143,0.00018,0.03276
troianosalvo,0.00764,0.00107,0.1763
bastaunsi,0.00965,0.02768,0.28164
valerio_cuccuru,0.00773,0.00056,0.17762
PaoloPappaterra,0.00744,0.00036,0.17577
lasghina,0.00041,0.00001,0.00957
BastaUnSiRc,0.0029,0.00106,0.06723
sa_ambro,0,0.0001,0.00032
carrarofabio69,0.00452,0.00335,0.10919
BastaUnSiTs,0.00072,0.00049,0.01798
unfintofake,0.00152,0.00077,0.03526
lucaM1966,0.02168,0.00442,0.51022
levpetrovitch,0.00319,0.00318,0.07397
marioricciard18,0.00254,0.00136,0.05824
SaronnodiceSi,0.00409,0.00137,0.09518
GToccafondi,0.00442,0.00655,0.10138
pdnetwork,0.01048,0.06706,0.28544
GarraRossella,0.00059,0.00024,0.01433
danielhazan,0.00814,0.0021,0.18701
MariaPiaRagosa,0.01427,0.0005,0.33041
carmenilaria,0.01078,0.00069,0.24925
tommysensi,0.00649,0.00151,0.16128
noto_concetta80,0.00082,0.00047,0.01933
EdoscarCana,0.00491,0.00135,0.11276
sauron72,0.00487,0.00047,0.11193
Am_Parente,0.00803,0.00658,0.18494
graziano_delrio,0.01217,0.06886,0.28159
positivo311,0.00115,0.00048,0.03354
Rita190De,0.01575,0.00108,0.3666
froma01k,0.00869,0.00145,0.21122
vitapin25,0.00257,0.00073,0.06124
77swords,0.00072,0.00002,0.01678
agitpops,0.00563,0.00067,0.13077
cheremone,0.00195,0.00019,0.04485
pd_calice,0.00178,0.00024,0.0423
riccamara,0.00673,0.00037,0.15524
pinobici,0.01365,0.00106,0.31409
GGerardh,0.00249,0.00053,0.05724
aureliomancuso,0.01339,0.01418,0.31203
edoardopivanti,0.00803,0.00096,0.18649
SilvanaMarucc16,0.0053,0.00097,0.12357
guidobemporad,0.01287,0.00023,0.29923
paolo_solia,0.0219,0.00351,0.50312
IdoneiGdF2012,0.01567,0.00084,0.36007
IvanaTanzi,0.00684,0.00046,0.15733
NADIMAX60,0.00118,0.00001,0.02725
fabcelestini,0.0009,0.00019,0.02308
danielebr82,0.00062,0.00012,0.01529
esperidi82,0.01058,0.00353,0.24317
davidtavano,0.0019,0.00029,0.04555
fortux70,0.00353,0.00038,0.08221
Titty_Gaudio,0.00447,0.00014,0.10296
fsavorani,0.00769,0.00116,0.17811
licia_roffia,0.00031,0.00005,0.01047
aledardes,0.01235,0.00464,0.28343
DorellaCianci,0.01238,0.00176,0.28469
robby671,0.00744,0.00031,0.17099
siceid,0.01981,0.01405,0.45669
aMusoDuro,0.00233,0.00136,0.05362
FPanecaldo,0.01289,0.00602,0.29639
GiuseppinaInfra,0.00037,0.00071,0.00875
paolocad01,0.01389,0.00133,0.32356
lullabyfatale,0,0.00001,0.00012
PAGLIARIG,0.00396,0.0029,0.09111
GiovanniPezzano,0.01885,0.00087,0.43395
LuisaAntonini,0.00224,0.00004,0.05228
BaldiniEnrica,0.00634,0.00243,0.15077
mollytf,0.00101,0.0001,0.0233
claudioliga63,0.00355,0.00321,0.08172
elisabellamorbi,0.01034,0.00071,0.24009
LucaBellinzona,0.00733,0.00025,0.17612
rekko15,0.00506,0.00069,0.11666
LucaTorchia,0.0021,0.00011,0.04847
Peppe_And,0,0.00001,0.00054
Wise_and_Lazy,0.00519,0.00092,0.11925
mariagraziacal2,0.0008,0.0001,0.02286
StefanodocSM,0.0009,0.00237,0.02153
VaniaDelli,0.00252,0.00107,0.05825
fannicanelles,0.00127,0.05877,0.05412
salvodal,0.0057,0.0011,0.1343
bacioross,0.00061,0.00001,0.01413
battagliafab,0.00661,0.00027,0.15258
ascenzapisoni,0.00842,0.00184,0.19593
jaikappa,0.00068,0.00026,0.01561
GattoBrina,0.01319,0.00627,0.3133
VEN_VIT52,0.00944,0.00318,0.21677
AntonellaDelfa,0,0.00001,0.00425
s_margiotta,0.01318,0.01815,0.31586
GraziaGio1,0.00407,0.00247,0.10467
ottaviogentile,0.00147,0.00003,0.03437
mariocipriani1,0.00069,0.00082,0.01615
santilligia,0.01511,0.00531,0.34773
dersuchende24,0.00242,0.00113,0.0571
pdimola,0.00717,0.00097,0.16603
Gaetano_Silvano,0,0,0.00012
beltra72,0.00983,0.00332,0.22591
CarloMusa,0.01074,0.00247,0.24667
RTrallori,0.01219,0.00175,0.28139
CarolaColnago,0.00382,0.00077,0.09195
Marcopapaleo10,0.00521,0.00057,0.12013
bolognadicesi,0.00372,0.00184,0.08862
8giuseppe3,0.01138,0.00207,0.27039
Annabenvenuti5,0.00077,0.00006,0.01801
AntonellaGramig,0.02437,0.00958,0.60352
massimomarini,0.01599,0.01032,0.36746
loredanamarone1,0.00088,0.0001,0.02026
arianna776,0,0.00034,0.0025
RominaMura,0.01379,0.00287,0.31991
idriettina,0.00291,0.0001,0.06726
CatiaMassimi,0.00705,0.0008,0.19277
sigrazie1,0.00486,0.00075,0.11291
CircoloFuturist,0.00483,0.00214,0.11107
HelgaVirdis,0.00049,0.00032,0.03945
GDCapitanata,0.00081,0.00041,0.02024
Cinzia04358781,0.00001,0.00009,0.00309
PdCircolo,0.00333,0.00307,0.08579
75Ginny,0.00021,0.00005,0.00478
IsabellaDeMonte,0.00541,0.00594,0.12653
Mister_onemore,0.0026,0.00017,0.06056
6b329aecd2ae4e7,0.0001,0.00014,0.00291
BoldrinDaniela,0.0057,0.0009,0.13114
Serfiss,0.00301,0.02176,0.07109
RenziPresidente,0.00061,0.00015,0.02129
pacowurz,0,0.00006,0.00006
francornldi,0.00172,0.00095,0.04201
magique801,0.00071,0.00004,0.01982
daniela_hoxgco,0.00083,0.0001,0.02064
matteoculocchi,0.00721,0.00057,0.16931
Dertizia,0.00641,0.0014,0.1481
Norma64417112,0.0014,0.00035,0.03237
codapurple,0.00073,0.00022,0.06151
Alatriste2804,0.00023,0.00025,0.00667
LucaCapra67,0.00398,0.00183,0.09962
bastianelli_cla,0.00916,0.00147,0.21457
SaraPri,0.00343,0.00007,0.08175
simony87_simona,0.00171,0.0004,0.03933
CarmelaMarzocco,0.00319,0.00053,0.07469
Alessandro02088,0.01163,0.00082,0.26753
Fil07,0.00074,0.0001,0.01708
paolacsc,0.01543,0.00195,0.35426
capricorne_o,0.00002,0.00022,0.00062
mlupoi,0.00219,0.00473,0.05158
VittoriaCicu,0.00014,0.00107,0.03898
Ferpi2puntozero,0.00308,0.00196,0.07094
raffaellapaita,0.01856,0.01148,0.42803
39BorgoPinti,0.00007,0.00038,0.0017
FedeSavia,0.00582,0.00025,0.13505
toroseduto7,0.00449,0.00053,0.10435
soemiade,0.0047,0.00502,0.11674
FascianiRoberto,0.01112,0.00021,0.26001
ruiciccio,0.00494,0.00394,0.13652
gd_imperia,0.00017,0.00104,0.00383
AvvBERNARDO,0.00405,0.0005,0.09304
lampis65,0.00589,0.00094,0.13541
rosalbacarbutti,0.01785,0.00335,0.41
Vin_Pampalone,0,0.00002,0.00006
RobyGuardiero,0.00059,0.0005,0.01791
OeiNicolette,0.0011,0.00035,0.02613
verdeocchio,0.00058,0.00002,0.01349
Alice__Ga,0.00121,0.00001,0.02821
maura_angeli,0.00058,0.00015,0.01339
VitoIezzi,0.00026,0.00002,0.00669
danielecina,0.02468,0.02601,0.5736
TheExtremista,0.00132,0.00263,0.03039
StefiSaccardi,0.00243,0.00333,0.05756
l_lanzillotta,0.00752,0.01333,0.17432
NicKiappa,0.00433,0.00163,0.09944
LucioPfm,0.00629,0.00044,0.14446
EBertolaccini,0.00968,0.00059,0.22232
antgentile,0.00978,0.01136,0.29294
Chiara_Pax,0.00081,0.0004,0.01882
ste_castellazzi,0.00023,0.00008,0.00551
PF1970,0.00722,0.00158,0.16902
CinziaEmanuelli,0.0027,0.00016,0.06763
milanoallnews,0.00696,0.00001,0.15981
fernandohz55,0.00554,0.0006,0.12796
Antonel90455295,0.00028,0.00001,0.01413
MaximilianDolce,0.01143,0.00257,0.26566
angelocasale,0.0042,0.00109,0.09823
Alessia_Bettini,0.00473,0.00186,0.10996
eurodeputatipd,0.00483,0.0223,0.11247
FrancescoPonzin,0.00203,0.00016,0.04668
ToninoMoscatt,0.01023,0.00316,0.23534
Luca_1998,0.00635,0.00071,0.16078
champion79,0.00648,0.00085,0.14891
TaniuzzaCalabra,0.01686,0.01781,0.3874
mimmoscordino,0.00316,0.00048,0.07712
AndreTelchi,0.00711,0.00004,0.16324
wholedani,0.00107,0.00025,0.02569
robertapinotti,0.01532,0.04861,0.35319
DarioGiuffrida1,0.00189,0.00006,0.0457
donabasile,0.00025,0.00012,0.00892
SacchiGg,0.00152,0.00013,0.05266
RiccardoDeias,0.00087,0.00175,0.02097
Adrian_in_it,0.00424,0.00498,0.10032
Pimpapallina,0.00067,0.00014,0.10707
cecco1976,0.00348,0.00041,0.08025
CarloDelSante,0.01111,0.00398,0.26856
Leo93362024,0.0008,0.00016,0.0186
DiegoCrivellari,0.01026,0.0017,0.23631
fede_200_,0.0015,0.00014,0.03454
Zooppyx,0.01827,0.00715,0.42378
almacuba15,0.00933,0.00086,0.22319
vincenzogra,0.00241,0.00043,0.0556
morganticlaudio,0.0067,0.00085,0.15456
ecmosea,0.01576,0.00073,0.36183
eliasalis,0.00164,0.00034,0.03858
DavideMazza10,0.00255,0.00056,0.06206
fede_bellinazzi,0.00665,0.00063,0.15277
ITnewsVI,0,0.00013,0.00006
carmen_lucci,0.00241,0.00006,0.06421
lucia_pal,0.00874,0.00555,0.20084
Brasviz1,0.00162,0.00156,0.03878
PD_PALERMO,0.00411,0.00114,0.09511
giusyoni,0.00634,0.00585,0.14644
CassanodAdda_SI,0.00295,0.00058,0.07136
miconsentatwitt,0.00935,0.0017,0.21675
ClaudioSacconi,0.00368,0.00048,0.09064
Ale_Manzo83,0.00176,0.00024,0.04038
grinaldi8,0.00419,0.00016,0.10062
GasGalli,0.00258,0.00076,0.05967
gianpieromarino,0.00184,0.00017,0.04243
gargiulodaniel2,0.00162,0.00026,0.04185
DavideDiNoi,0.01253,0.00372,0.28951
Davidebaruffi,0.00498,0.00289,0.11477
FabioFratiniRA,0.00127,0.00007,0.03428
Remeggiare,0.00739,0.00402,0.1702
GioPalermo77,0.00001,0.00014,0.00919
AmbrettaM,0.00324,0.00028,0.07487
giovy1967,0.00692,0.00061,0.15972
GrooveMasterEdt,0.0018,0.00014,0.04168
depaolismarco,0.00456,0.00266,0.11003
markor988,0.01737,0.00032,0.3989
serecelli,0.00554,0.00007,0.12799
ERTIGRE2,0.0085,0.00274,0.19518
lelegno,0.00451,0.00023,0.10483
luifam,0.01254,0.00666,0.29126
massimobrugnone,0.01311,0.00103,0.3013
ValeriaValente_,0.0126,0.0093,0.29001
dark_images,0.00371,0.00004,0.08623
nunzia_spina,0.00105,0.00002,0.02529
ITnewsAN,0.00069,0.00019,0.01589
giu33liana,0.00649,0.00299,0.15038
B30Luce,0.01029,0.00073,0.23638
maurypracucci,0.01494,0.00186,0.34353
matteopetruz,0.00525,0.00033,0.12076
MCristinaSarto2,0.00041,0.00006,0.01046
ChiaraLicciard,0.00105,0.00018,0.0269
MarcoBernardel2,0.00525,0.0008,0.12051
ValentinaSow,0.00718,0.00024,0.16514
LuciGuenz,0.0136,0.0049,0.32026
sandro_bertini,0.00931,0.00019,0.21682
robertoberti76,0.00042,0.00011,0.01001
Rom_Lisa,0.00464,0.00031,0.10737
pdsardegna,0.00989,0.00285,0.23193
moderf47,0.00328,0.00178,0.07898
JulKlee,0.00512,0.00012,0.11792
gilbertoromboli,0.00905,0.00083,0.20991
bastaunsi2016,0.00047,0.00062,0.01133
PDTrieste,0.00187,0.00086,0.04333
mirecannizzaro,0.00003,0.00013,0.0562
bastaunsiReggio,0.00385,0.00054,0.09229
elio_sileno,0.00287,0.00091,0.06707
lo_zio_gino,0.01212,0.00355,0.27897
GiulioTermite,0.00529,0.00311,0.1223
Alberto_Zoratti,0.0014,0.00205,0.03237
p_capasso,0.0085,0.00072,0.19648
4d06088983a44c8,0.01592,0.00237,0.36565
DArcangeloLex,0.00327,0.00012,0.07542
Davidech61,0.00376,0.00072,0.08694
Giusepp18483681,0.00736,0.00055,0.17076
GiovaDes,0.00487,0.00092,0.11331
taro291070,0,0.00004,0.00006
buzzico,0.01142,0.00849,0.26508
iPresidente,0.00086,0.00002,0.02004
Omo_Neri,0.00952,0.00006,0.21978
andrea_boscaro,0.00721,0.00264,0.16597
PD_Firenze,0.00423,0.00137,0.09721
leoquartana,0.01483,0.00064,0.34056
vitellion,0.00922,0.00001,0.21238
tizianotagliavi,0.00247,0.00008,0.05808
EnzoBassman,0.00071,0.00002,0.01667
dabos1973,0.00362,0.00023,0.08355
EnricoIachello,0.00614,0.00035,0.14253
ToreAggiggio,0.0082,0.00001,0.18979
uil_va,0.00439,0.00015,0.10101
70sHouse,0.00901,0.00054,0.20711
DelfaAntonella,0,0.00001,0.0018
valeriafedeli,0.01777,0.02512,0.41461
g_falcomata,0.00444,0.01022,0.10616
VincenzoPalm69,0.00418,0.00063,0.09603
GiovannaGpetri,0.0076,0.00033,0.17584
AntonucciAldo,0.0132,0.00183,0.30632
rpp_tweet,0.00381,0.0003,0.09199
DemRif,0.01414,0.00117,0.32478
RobertoDiGreg,0.00183,0.00043,0.04467
Lorenza_Morello,0.01362,0.00275,0.31359
FrancyPaolieri,0.00498,0.0006,0.11559
Amelia898314041,0.0009,0,0.0351
nnbruciarlaglio,0.00138,0.00023,0.03241
FeliciLory,0.00008,0.00014,0.00191
PancoliniSergio,0.00427,0.00037,0.0991
199leopoldo,0.00071,0.00064,0.02237
ChiaraBonacossa,0.00024,0.00001,0.00549
germy59,0.00047,0.00041,0.01397
DiElleTi,0.00654,0.00292,0.15026
gypsysimon,0.00075,0.00004,0.01775
anna_anybell,0.00423,0.00053,0.09919
BGrisafi,0.01265,0.00499,0.30068
TukultiPD,0.00862,0.00478,0.20419
BaroneZaza70,0.00372,0.00151,0.08598
unitaonline,0.0106,0.05801,0.246
macondo83,0.00858,0.00069,0.20395
fdicos10,0.01193,0.00521,0.27498
xTommy1995,0.00156,0.00022,0.03625
laredazzi,0.00104,0.00034,0.0241
fabio_moret,0.00725,0.00681,0.16642
lenuccia82,0.00166,0.00266,0.03841
JOBSinACTion,0.00161,0.00134,0.03751
insiemebasta1si,0.01051,0.00548,0.27486
universopoesia,0.00553,0.00148,0.12954
nadianicoletti_,0.00001,0,0.00427
EnricoColtri1,0.01868,0.00247,0.43168
giusyrus,0.00841,0.0045,0.24088
ClarkeRuggeri,0.01688,0.00266,0.38875
antomody,0.00154,0.00079,0.03546
MagdaZanonii,0.0131,0.00646,0.3013
bCreativo_,0.00927,0.00509,0.21821
angelo_senaldi,0.00639,0.00146,0.14678
fgent7,0.00114,0.00032,0.02846
PartSocialista,0.00658,0.00588,0.15165
Fabioleman,0.0007,0.00017,0.01636
CordioliMirco,0.00133,0.00077,0.03179
DaniloMariano90,0.01938,0.00266,0.45208
MarcoDelliPaoli,0.00196,0.00008,0.0464
Maeriposa,0.00009,0.00003,0.00322
pepper4961,0.00396,0.00097,0.09346
Barbaraus1970,0.00611,0.00076,0.14102
lukegiaco,0.00145,0.00058,0.03398
orsi_laura,0.00483,0.00026,0.11411
MarcoGranelliMI,0.00299,0.00153,0.06953
ilyevanp,0.00004,0.00009,0.00139
MarcoLuceri1,0.00038,0.00003,0.02083
hivolto,0.00673,0.00045,0.15556
Nino_Germana,0.00332,0.00263,0.07625
FicheraAle_Fano,0.00284,0.00012,0.06984
nadiagiorgi66,0.00008,0.00015,0.00179
FrancoBassanini,0.00481,0.01238,0.11042
lisa23377,0,0.00009,0.00365
paolomicheli,0.00331,0.00155,0.07675
PTambani,0.01447,0.00532,0.33729
Patri528,0.00236,0.00011,0.05438
dawac72,0.01896,0.00331,0.43625
AnnaAscani,0.02317,0.02978,0.53482
PontaniSerena,0.00201,0.00034,0.04648
MattHappies,0.00481,0.00058,0.11224
alisabn,0.01203,0.00717,0.27654
MatteoPuppi,0.00314,0.00044,0.07292
robertoadone,0.00135,0,0.03156
Bernardi_UK,0.00812,0.00241,0.18783
Lucyfranzese,0.00075,0.00015,0.01836
veracorso2,0.01009,0.00253,0.2491
PiramideRossa,0.00973,0.01051,0.22369
Vanson61,0.00424,0.00133,0.09796
ItaliaRecord,0.00217,0.0014,0.12735
io_tiziana,0.00627,0.002,0.14469
albertopetro2,0.00124,0.00603,0.03017
tidema81,0.00025,0.00034,0.00708
UlrikeMeinhof1,0.01212,0.00422,0.28154
marianocervone,0.01121,0.0011,0.25785
gcalandroni,0.00127,0.00014,0.02939
LellaNic2,0.00473,0.00065,0.11492
Gavinomass,0.00111,0.00004,0.02614
EugenioCardi,0.0168,0.01039,0.43312
vzns_,0,0.00002,0
paolacaloo,0.01059,0.00609,0.24596
pierluigiluceri,0.00647,0.00078,0.15384
nicolasslazio,0.01282,0.001,0.29495
FimLombardia,0.01085,0.00128,0.24928
mariofabianodv,0.00118,0.00013,0.0272
davidealgebris,0.00115,0.01757,0.02694
Miti_Vigliero,0.0099,0.01271,0.2279
AntoniaFischio,0.00858,0.00122,0.19843
Pat35053636,0,0.00004,0.01282
giulitMI,0.00196,0.00008,0.04506
Lucrylem,0.00213,0.00005,0.04909
nicoceccarini,0.0031,0.00674,0.0711
ottogattotto,0.0059,0.01,0.13664
IaOranaItalia,0.00607,0.00017,0.14413
1976david,0.00723,0.00071,0.16598
andrearossi76,0.01639,0.00318,0.38025
lucacampitello,0.00796,0.00095,0.22227
igsammarco,0.00309,0.00023,0.0711
MarcoPizzi14,0.00347,0.00792,0.08039
luca_c24,0.00137,0.00125,0.03181
SalvatoreChime,0.00815,0.00009,0.1879
pintirre,0.00307,0.00002,0.07079
SkinPatrizio,0.00327,0.00005,0.07505
senzasinistra,0.00654,0.00822,0.15186
francasilvani,0.00897,0.00058,0.20944
brusalucia,0.00176,0.00036,0.04054
Oliverio_MarioG,0.00823,0.00702,0.18914
AmbrogioTattolo,0.00133,0.00007,0.03354
FoielliPaolo,0.0026,0.00034,0.06015
AntoninoCast,0.01403,0.00261,0.32362
SteAlbamonte,0.02377,0.01469,0.54931
ljveformagcon,0.00043,0.00001,0.0098
CremascoV,0,0.00001,0.00096
MaritaLorenz,0.00061,0.00011,0.01457
GiuseppeMiele5,0.00141,0.00037,0.03536
giobettarini,0.00741,0.0026,0.17236
Maurizio090561,0.00614,0.00134,0.15539
jacques_jj6592,0.00191,0.00081,0.04737
MGarau,0.00003,0.00005,0.00238
MarriStefania,0.00048,0.00045,0.01368
la_pippi,0.0134,0.00746,0.30846
roberto_lamela,0.01259,0.00018,0.31985
Fabio_Vita,0.0014,0.00028,0.03411
GiordanoBattini,0.00319,0.00167,0.14259
ApCamera,0.00054,0.00293,0.0201
TheOnlyCrowe,0.00093,0,0.02133
FBonafaccia,0.00325,0.0021,0.07661
AngoriMassi,0.01394,0.00023,0.32034
ArrigoniEdoardo,0.00071,0.00002,0.01895
atrejurm12,0.00071,0.00009,0.01757
GGiudiceandrea,0.00902,0.0011,0.20872
alinatede,0.00906,0.00243,0.20818
francescagraz1,0.00397,0.00308,0.09511
mmauripd,0.00958,0.0223,0.21998
RobertaCutrona,0.00023,0.00014,0.00628
iDemLab,0.00543,0.00438,0.12837
Sassaf75,0.0095,0.00025,0.21817
fabfra67,0.00078,0.00014,0.0181
